ticker,data_tier,asset_class,category,quality_tier,leverage_flag,sector_review_flag,history_years,first_date,adv_90d_dollars,last_price,rv_20d_annualized,max_drawdown,notes
SPY,Tier1_backtestable,ETF,broad_index_us,core,No,,26.5,2000-01-03,39895899346.0,746.5,0.175,-0.552,"S&P 500 -- deepest, most liquid options chain in existence"
QQQ,Tier1_backtestable,ETF,broad_index_us,core,No,,26.5,2000-01-03,30842440500.0,736.03,0.333,-0.83,"Nasdaq-100 -- tech-heavy, higher vol than SPY"
NVDA,Tier1_backtestable,Stock,technology,aggressive,No,,26.5,2000-01-03,27173912440.0,199.74,0.409,-0.898,Mega-cap but genuinely high vol (41% 20d RV) -- size accordingly
TSLA,Tier1_backtestable,Stock,consumer_discretionary_auto,aggressive,No,,16.0,2010-06-29,20089143019.0,420.17,0.563,-0.737,"High vol (56% RV), large drawdowns historically -- treat as an aggressive-tier name despite mega liquidity"
MSFT,Tier1_backtestable,Stock,technology,core,No,,26.5,2000-01-03,11169725128.0,373.4,0.394,-0.688,
AAPL,Tier1_backtestable,Stock,technology,core,No,,26.5,2000-01-03,9570544483.0,289.11,0.368,-0.818,
AMZN,Tier1_backtestable,Stock,consumer_discretionary,core,No,,26.5,2000-01-03,9101619126.0,238.29,0.375,-0.933,
IWM,Tier1_backtestable,ETF,broad_index_us,core,No,,26.1,2000-05-26,8609211751.0,300.44,0.225,-0.587,Russell 2000 small-cap -- higher vol than SPY/QQQ
GOOGL,Tier1_backtestable,Stock,communication_services,core,No,,21.9,2004-08-19,8030988211.0,356.7,0.367,-0.654,Class A shares (voting)
META,Tier1_backtestable,Stock,communication_services,core,No,,14.1,2012-05-18,7742502066.0,563.0,0.409,-0.767,
AVGO,Tier1_backtestable,Stock,technology,aggressive,No,,16.9,2009-08-06,7314847491.0,377.29,0.749,-0.484,Highest realized vol (75%) of the mega-cap tech names here
GOOG,Tier1_backtestable,Stock,communication_services,core,No,,12.3,2014-03-27,5372128379.0,353.2,0.376,-0.445,"Class C shares (non-voting) -- near-identical exposure to GOOGL, pick one"
SMH,Tier1_backtestable,ETF,sector_semiconductors,aggressive,No,,26.1,2000-06-05,4817638116.0,655.28,0.686,-0.85,Concentrated in NVDA/TSM/AVGO -- notably higher vol than broad tech
GLD,Tier1_backtestable,ETF,commodity_gold,core,No,,21.6,2004-11-18,3678210870.0,368.38,0.302,-0.455,Largest/most liquid gold ETF
DIA,Tier1_backtestable,ETF,broad_index_us,core,No,,26.5,2000-01-03,2615965605.0,522.38,0.15,-0.519,Dow 30 -- lowest vol of the big 3 broad index ETFs
XOM,Tier1_backtestable,Stock,energy,core,No,,26.5,2000-01-03,2241428431.0,136.48,0.241,-0.624,
XLK,Tier1_backtestable,ETF,sector_technology,core,No,,26.5,2000-01-03,2133230343.0,190.5,0.434,-0.82,
XLF,Tier1_backtestable,ETF,sector_financials,core,No,,26.5,2000-01-03,2092927805.0,53.61,0.143,-0.828,
APP,Tier1_backtestable,Stock,technology,aggressive,No,,5.2,2021-04-15,2063003664.0,515.23,0.653,-0.919,"AppLovin -- only 5.2yr history among the shorter end of Tier 1, high vol (65% RV), -92% max drawdown on record. Liquid enough to qualify but behaves more like a growth/momentum name than a core holding."
EEM,Tier1_backtestable,ETF,country_emerging,core,No,,23.2,2003-04-14,2051035210.0,68.43,0.423,-0.663,Overlaps with IEMG
DELL,Tier1_backtestable,Stock,technology,core,No,,7.5,2018-12-26,1990288972.0,431.45,0.648,-0.598,
JPM,Tier1_backtestable,Stock,financials_bank,core,No,,26.5,2000-01-03,1945863111.0,327.33,0.242,-0.728,
WMT,Tier1_backtestable,Stock,consumer_staples,core,No,,26.5,2000-01-03,1843006687.0,113.4,0.22,-0.367,
BRK.B,Tier1_backtestable,Stock,financials_conglomerate,core,No,,26.5,2000-01-03,1767366644.0,500.0,0.139,-0.538,"Berkshire -- effectively a diversified holding company, very low idiosyncratic tail risk"
V,Tier1_backtestable,Stock,financials_payments,core,No,,18.3,2008-03-19,1764290810.0,343.09,0.226,-0.518,
XLI,Tier1_backtestable,ETF,sector_industrials,core,No,,26.5,2000-01-03,1741094672.0,185.23,0.238,-0.622,
EFA,Tier1_backtestable,ETF,country_developed_exus,core,No,,24.8,2001-08-27,1730013489.0,103.84,0.195,-0.611,
XLV,Tier1_backtestable,ETF,sector_healthcare,core,No,,26.5,2000-01-03,1667532334.0,158.66,0.197,-0.391,
CSCO,Tier1_backtestable,Stock,technology,core,No,,26.5,2000-01-03,1662107727.0,117.37,0.454,-0.892,
CVX,Tier1_backtestable,Stock,energy,core,No,,24.7,2001-10-10,1612561389.0,165.8,0.234,-0.558,
IBM,Tier1_backtestable,Stock,technology,core,No,,26.5,2000-01-03,1591907338.0,281.21,0.503,-0.583,
VTI,Tier1_backtestable,ETF,broad_index_us,core,No,,25.0,2001-06-15,1467601347.0,370.04,0.181,-0.554,Total US market -- very similar exposure to SPY
BAC,Tier1_backtestable,Stock,financials_bank,core,No,,26.5,2000-01-03,1454168422.0,56.98,0.19,-0.93,
TXN,Tier1_backtestable,Stock,technology,core,No,,11.5,2015-01-02,1415895051.0,298.07,0.713,-0.334,
COST,Tier1_backtestable,Stock,consumer_staples,core,No,,26.5,2000-01-03,1415529477.0,935.47,0.17,-0.535,
MA,Tier1_backtestable,Stock,financials_payments,core,No,,20.1,2006-05-25,1414964156.0,513.6,0.263,-0.613,
GE,Tier1_backtestable,Stock,industrials_aerospace,core,No,,11.5,2015-01-02,1341902259.0,373.73,0.331,-0.812,
JNJ,Tier1_backtestable,Stock,healthcare_pharma,core,No,,26.5,2000-01-03,1303872268.0,253.97,0.27,-0.363,
C,Tier1_backtestable,Stock,financials_bank,core,No,,11.5,2015-01-02,1194831773.0,139.96,0.267,-0.566,
IEFA,Tier1_backtestable,ETF,country_developed_exus,core,No,,13.7,2012-10-24,1161252570.0,96.62,0.18,-0.347,"Overlaps with EFA/VEA -- pick one, not all three"
HD,Tier1_backtestable,Stock,consumer_discretionary_retail,core,No,,26.5,2000-01-03,1140293757.0,352.68,0.302,-0.702,
UBER,Tier1_backtestable,Stock,technology,aggressive,No,,7.1,2019-05-10,1113310737.0,72.11,0.452,-0.68,Still elevated vol vs. mega-cap tech
IEMG,Tier1_backtestable,ETF,country_emerging,core,No,,13.7,2012-10-24,1077307606.0,82.83,0.406,-0.389,Overlaps with EEM
EWZ,Tier1_backtestable,ETF,country_single_brazil,aggressive,No,,19.3,2007-03-13,1041834796.0,34.5,0.221,-0.773,Single-country EM -- political/currency tail risk
WFC,Tier1_backtestable,Stock,financials_bank,core,No,,26.5,2000-01-03,1024811609.0,82.64,0.241,-0.79,
XLY,Tier1_backtestable,ETF,sector_consumer_discretionary,core,No,,26.5,2000-01-03,1009733366.0,117.28,0.235,-0.59,
XLU,Tier1_backtestable,ETF,sector_utilities,core,No,,26.5,2000-01-03,1008447554.0,45.34,0.152,-0.519,Lowest vol sector ETF -- thin premium
ABBV,Tier1_backtestable,Stock,healthcare_pharma,core,No,,13.5,2013-01-02,981041151.0,251.42,0.343,-0.451,
PG,Tier1_backtestable,Stock,consumer_staples,core,No,,26.5,2000-01-03,954549478.0,146.54,0.231,-0.546,
VEA,Tier1_backtestable,ETF,country_developed_exus,core,No,,18.9,2007-07-26,927893629.0,71.25,0.249,-0.608,Overlaps with EFA/IEFA
VZ,Tier1_backtestable,Stock,communication_services_telecom,core,No,,26.0,2000-07-03,915291442.0,42.32,0.355,-0.509,
MS,Tier1_backtestable,Stock,financials_bank,core,No,,11.5,2015-01-02,888305111.0,209.03,0.334,-0.505,
KO,Tier1_backtestable,Stock,consumer_staples,core,No,,26.5,2000-01-03,874103213.0,81.27,0.245,-0.42,
T,Tier1_backtestable,Stock,communication_services_telecom,core,No,,11.5,2015-01-02,853544530.0,20.69,0.371,-0.423,
LIN,Tier1_backtestable,Stock,materials_industrial_gas,core,No,,11.5,2015-01-02,847801393.0,518.94,0.196,-0.324,
MCD,Tier1_backtestable,Stock,consumer_discretionary_restaurant,core,No,,26.5,2000-01-03,837199644.0,270.31,0.24,-0.697,
ABT,Tier1_backtestable,Stock,healthcare_devices,core,No,,11.5,2015-01-02,831955069.0,90.69,0.29,-0.408,
MRK,Tier1_backtestable,Stock,healthcare_pharma,core,No,,26.5,2000-01-03,827540606.0,128.43,0.306,-0.687,
TMO,Tier1_backtestable,Stock,healthcare_life_sciences,core,No,,11.5,2015-01-02,827070769.0,501.36,0.352,-0.41,
TMUS,Tier1_backtestable,Stock,communication_services_telecom,core,No,,11.5,2015-01-02,815573278.0,167.73,0.346,-0.383,
AXP,Tier1_backtestable,Stock,financials_payments,core,No,,26.5,2000-01-03,813642527.0,338.25,0.271,-0.839,
COP,Tier1_backtestable,Stock,energy,core,No,,11.5,2015-01-02,810439930.0,103.96,0.316,-0.707,
RTX,Tier1_backtestable,Stock,industrials_defense,core,No,,11.5,2015-01-02,785768522.0,189.73,0.31,-0.52,
DDOG,Tier1_backtestable,Stock,technology,aggressive,No,,6.8,2019-09-19,758839903.0,259.39,0.507,-0.681,Smaller-cap high-growth software -- high vol
COF,Tier1_backtestable,Stock,financials_consumer_credit,core,No,,11.5,2015-01-02,734026157.0,200.62,0.322,-0.603,
NEE,Tier1_backtestable,Stock,utilities,core,No,,11.5,2015-01-02,732562327.0,87.77,0.169,-0.453,
IAU,Tier1_backtestable,ETF,commodity_gold,core,No,,21.4,2005-01-28,723092562.0,75.48,0.305,-0.452,"Redundant with GLD -- lower price per share, same exposure"
PEP,Tier1_backtestable,Stock,consumer_staples,core,No,,11.5,2015-01-02,711591047.0,135.4,0.21,-0.306,
HON,Tier1_backtestable,Stock,industrials_conglomerate,core,No,,26.5,2000-01-03,678052630.0,223.9,0.423,-0.662,
EWJ,Tier1_backtestable,ETF,country_single_japan,core,No,,26.5,2000-01-03,661819800.0,93.27,0.277,-0.608,
CMCSA,Tier1_backtestable,Stock,communication_services_media,core,No,,11.5,2015-01-02,650959009.0,24.55,0.359,-0.598,
LMT,Tier1_backtestable,Stock,industrials_defense,core,No,,11.5,2015-01-02,648809583.0,509.46,0.334,-0.364,
AMGN,Tier1_backtestable,Stock,healthcare_biotech,core,No,,26.5,2000-01-03,640475946.0,362.12,0.275,-0.596,
DHR,Tier1_backtestable,Stock,healthcare_life_sciences,core,No,,11.5,2015-01-02,629519308.0,190.48,0.343,-0.44,
UAL,Tier1_backtestable,Stock,industrials_airline,aggressive,No,,16.4,2010-02-11,626561693.0,135.99,0.564,-0.794,Airlines are structurally high-vol/cyclical -- fine as an intentional aggressive-tier name
BLK,Tier1_backtestable,Stock,financials_asset_mgmt,core,No,,11.5,2015-01-02,624200533.0,961.56,0.282,-0.439,
MDT,Tier1_backtestable,Stock,healthcare_devices,core,No,,11.5,2015-01-02,615156277.0,78.23,0.368,-0.451,
ACWI,Tier1_backtestable,ETF,broad_index_global,core,No,,18.3,2008-03-28,613950560.0,156.97,0.196,-0.56,All-country world incl. US -- overlaps heavily with SPY/VTI
DE,Tier1_backtestable,Stock,industrials_machinery,core,No,,26.5,2000-01-03,610343549.0,634.33,0.353,-0.733,
PM,Tier1_backtestable,Stock,consumer_staples_tobacco,core,No,,11.5,2015-01-02,607466908.0,180.91,0.285,-0.427,
VST,Tier1_backtestable,Stock,utilities_power_generation,aggressive,No,,9.1,2017-05-10,606099489.0,158.63,0.448,-0.533,AI-datacenter power demand story -- much higher vol (45% RV) than typical defensive utility
GILD,Tier1_backtestable,Stock,healthcare_biotech,core,No,,11.5,2015-01-02,602986892.0,126.34,0.265,-0.458,
SBUX,Tier1_backtestable,Stock,consumer_discretionary_restaurant,core,No,,11.5,2015-01-02,589760449.0,102.19,0.243,-0.438,
UNP,Tier1_backtestable,Stock,industrials_rail,core,No,,11.5,2015-01-02,581691972.0,272.0,0.256,-0.432,
EWT,Tier1_backtestable,ETF,country_single_taiwan,aggressive,No,,20.6,2005-11-30,545970142.0,108.61,0.5,-0.628,Heavily TSM-weighted -- geopolitical tail risk (Taiwan)
CVS,Tier1_backtestable,Stock,healthcare_services,review,No,,11.5,2015-01-02,527660075.0,103.45,0.248,-0.568,Business model under real pressure (PBM/retail health) -- worth extra scrutiny before treating as 'own if assigned' safe
FDX,Tier1_backtestable,Stock,industrials_logistics,core,No,,11.5,2015-01-02,525478939.0,313.13,0.408,-0.66,
BMY,Tier1_backtestable,Stock,healthcare_pharma,core,No,,11.5,2015-01-02,492060587.0,57.62,0.302,-0.476,
LOW,Tier1_backtestable,Stock,consumer_discretionary_retail,core,No,,11.5,2015-01-02,487092517.0,220.38,0.311,-0.485,
MO,Tier1_backtestable,Stock,consumer_staples_tobacco,core,No,,11.5,2015-01-02,468734690.0,71.95,0.273,-0.536,
SHW,Tier1_backtestable,Stock,materials_chemicals,core,No,,26.5,2000-01-03,466640016.0,344.32,0.293,-0.425,
UPS,Tier1_backtestable,Stock,industrials_logistics,core,No,,11.5,2015-01-02,459437297.0,107.41,0.344,-0.588,
GM,Tier1_backtestable,Stock,consumer_discretionary_auto,review,No,,11.5,2015-01-02,446557449.0,77.08,0.314,-0.598,"Cyclical, auto industry margin pressure -- fine liquidity but more economically sensitive"
GLDM,Tier1_backtestable,ETF,commodity_gold,core,No,,8.0,2018-06-26,444086216.0,79.42,0.304,-0.262,Redundant with GLD/IAU -- mini share price
MMM,Tier1_backtestable,Stock,industrials_conglomerate,review,No,,26.5,2000-01-03,430654758.0,161.91,0.191,-0.59,"History of significant litigation overhang (PFAS, earplugs) -- verify current status before treating as core"
AMT,Tier1_backtestable,Stock,real_estate_reit_towers,core,No,,11.5,2015-01-02,416936748.0,163.57,0.402,-0.453,
MDLZ,Tier1_backtestable,Stock,consumer_staples,core,No,,11.5,2015-01-02,386358807.0,57.84,0.265,-0.308,
USB,Tier1_backtestable,Stock,financials_bank,core,No,,11.5,2015-01-02,384762901.0,60.4,0.272,-0.521,
SO,Tier1_backtestable,Stock,utilities,core,No,,11.5,2015-01-02,377754724.0,95.71,0.169,-0.384,
CL,Tier1_backtestable,Stock,consumer_staples,core,No,,11.5,2015-01-02,373755912.0,91.68,0.295,-0.3,
DUK,Tier1_backtestable,Stock,utilities,core,No,,11.5,2015-01-02,357992164.0,126.58,0.165,-0.375,
TRV,Tier1_backtestable,Stock,financials_insurance,core,No,,19.3,2007-02-27,326616588.0,330.12,0.2,-0.462,
EFV,Tier1_backtestable,ETF,country_developed_exus_value,core,No,,20.9,2005-08-05,323006393.0,76.56,0.171,-0.641,Value tilt of EFA/VEA -- overlapping exposure
GD,Tier1_backtestable,Stock,industrials_defense,core,No,,11.5,2015-01-02,320179226.0,354.24,0.297,-0.516,
EMR,Tier1_backtestable,Stock,industrials_electrical,core,No,,11.5,2015-01-02,315810301.0,143.15,0.333,-0.508,
VNQ,Tier1_backtestable,ETF,sector_real_estate,core,No,,21.7,2004-10-01,308247716.0,96.43,0.192,-0.734,Overlaps with XLRE
EMXC,Tier1_backtestable,ETF,country_emerging_exchina,core,No,,8.9,2017-07-26,299946259.0,102.24,0.497,-0.429,Emerging markets excluding China -- overlaps with EEM/IEMG if not deliberately using it to reduce China exposure
XLRE,Tier1_backtestable,ETF,sector_real_estate,core,No,,10.7,2015-10-08,279202251.0,44.03,0.191,-0.388,
AIG,Tier1_backtestable,Stock,financials_insurance,core,No,,11.5,2015-01-02,231611508.0,74.53,0.218,-0.696,
SPG,Tier1_backtestable,Stock,real_estate_reit_retail,core,No,,11.5,2015-01-02,227093760.0,223.65,0.221,-0.77,
MET,Tier1_backtestable,Stock,financials_insurance,core,No,,11.5,2015-01-02,205428018.0,84.61,0.271,-0.552,
SPYI,Tier1_backtestable,ETF,income_derivative,review,No,,3.8,2022-08-30,199308328.0,53.1,0.176,-0.186,"Actively-managed S&P 500 covered-call/options-income fund. This ETF itself sells options -- selling CSPs on it means writing options on a fund that's already writing options. Return profile and IV behavior differ materially from plain equity exposure. Worth a deliberate decision whether this fits the strategy, not a default include."
ASHR,Tier1_backtestable,ETF,country_single_china_ashares,aggressive,No,,12.6,2013-11-06,175818445.0,36.66,0.276,-0.513,China A-shares -- political/regulatory tail risk
ACWX,Tier1_backtestable,ETF,broad_index_global_exus,core,No,,18.2,2008-04-01,169337256.0,76.11,0.248,-0.604,All-country world EX-US
IAUM,Tier1_backtestable,ETF,commodity_gold,core,No,,5.0,2021-07-01,155635216.0,40.0,0.3,-0.262,"Redundant with GLD/IAU/GLDM -- pick one gold ETF, not several"
EWC,Tier1_backtestable,ETF,country_single_canada,core,No,,26.5,2000-01-03,128646339.0,57.64,0.15,-0.608,
EWW,Tier1_backtestable,ETF,country_single_mexico,aggressive,No,,26.5,2000-01-03,125215677.0,75.27,0.25,-0.651,Single-country EM -- political/currency tail risk
EWH,Tier1_backtestable,ETF,country_single_hongkong,aggressive,No,,20.6,2005-11-30,101831733.0,20.87,0.179,-0.641,China-proxy exposure -- political tail risk
AAAU,Tier1_backtestable,ETF,commodity_gold,core,No,,7.9,2018-08-15,101164460.0,39.58,0.301,-0.262,Redundant with GLD/IAU/GLDM/IAUM
TSM,Tier2_liquid_limited_history,Stock,,,No,TBD,2.2,2024-04-01,4535199632.0,477.5,0.59,-0.371,
VOO,Tier2_liquid_limited_history,ETF,broad_index_us,,No,,2.2,2024-04-01,3984826768.0,686.2,0.177,-0.19,
IVV,Tier2_liquid_limited_history,ETF,broad_index_us,,No,,2.5,2024-01-02,3075159160.0,749.99,0.172,-0.189,
RSP,Tier2_liquid_limited_history,ETF,broad_index_us_equalweight,,No,,2.5,2024-01-02,2404963697.0,212.77,0.13,-0.183,
IBIT,Tier2_liquid_limited_history,ETF,commodity_crypto_bitcoin,,No,,2.5,2024-01-11,1700735967.0,33.21,0.474,-0.534,
PANW,Tier2_liquid_limited_history,Stock,,,No,TBD,2.5,2024-01-02,1424251801.0,341.02,0.536,-0.359,
XBI,Tier2_liquid_limited_history,ETF,sector_biotech,,No,,2.2,2024-04-01,1163090597.0,158.2,0.339,-0.33,
XLP,Tier2_liquid_limited_history,ETF,sector_consumer_staples,,No,,2.2,2024-04-01,1158186592.0,83.0,0.177,-0.102,
SOFI,Tier2_liquid_limited_history,Stock,,,No,TBD,2.2,2024-04-01,1114106931.0,17.94,0.528,-0.53,
ADI,Tier2_liquid_limited_history,Stock,,,No,TBD,2.5,2024-01-02,1113522177.0,397.07,0.655,-0.319,
KRE,Tier2_liquid_limited_history,ETF,sector_regional_banks,,No,,2.5,2024-01-02,1098856958.0,74.85,0.205,-0.281,
APH,Tier2_liquid_limited_history,Stock,,,No,TBD,2.5,2024-01-02,1071690208.0,176.32,0.474,-0.287,
AAL,Tier2_liquid_limited_history,Stock,,,No,TBD,2.5,2024-01-02,1066328317.0,18.07,0.505,-0.515,
ANET,Tier2_liquid_limited_history,Stock,,,No,TBD,2.5,2024-01-02,1030664674.0,169.88,0.598,-0.504,
SHOP,Tier2_liquid_limited_history,Stock,,,No,TBD,2.5,2024-01-02,998890514.0,114.06,0.499,-0.468,
BSX,Tier2_liquid_limited_history,Stock,,,No,TBD,2.5,2024-01-02,878020304.0,42.91,0.26,-0.603,
FCX,Tier2_liquid_limited_history,Stock,,,No,TBD,2.5,2024-01-02,820645607.0,62.88,0.624,-0.461,
ETN,Tier2_liquid_limited_history,Stock,,,No,TBD,2.5,2024-01-02,799922791.0,426.12,0.575,-0.347,
CEG,Tier2_liquid_limited_history,Stock,,,No,TBD,2.5,2024-01-02,797811501.0,248.99,0.367,-0.508,
SCHW,Tier2_liquid_limited_history,Stock,,,No,TBD,2.5,2024-01-02,751577494.0,92.27,0.252,-0.214,
NEM,Tier2_liquid_limited_history,Stock,,,No,TBD,2.5,2024-01-02,748156214.0,93.4,0.54,-0.359,
ISRG,Tier2_liquid_limited_history,Stock,,,No,TBD,2.5,2024-01-02,723372172.0,397.79,0.271,-0.348,
OXY,Tier2_liquid_limited_history,Stock,,,No,TBD,2.5,2024-01-02,718929668.0,48.57,0.242,-0.469,
XLC,Tier2_liquid_limited_history,ETF,sector_communication,,No,,2.2,2024-04-01,705838359.0,107.13,0.182,-0.182,
SPGI,Tier2_liquid_limited_history,Stock,,,No,TBD,2.2,2024-04-01,705367642.0,407.26,0.304,-0.307,
SNPS,Tier2_liquid_limited_history,Stock,,,No,TBD,2.2,2024-04-01,687760897.0,446.07,0.329,-0.41,
KWEB,Tier2_liquid_limited_history,ETF,country_single_china_internet,,No,,2.5,2024-01-02,679996999.0,24.57,0.292,-0.449,
BX,Tier2_liquid_limited_history,Stock,,,No,TBD,2.5,2024-01-02,667484119.0,117.63,0.493,-0.479,
SLB,Tier2_liquid_limited_history,Stock,,,No,TBD,2.5,2024-01-02,665789690.0,46.49,0.414,-0.405,
IJR,Tier2_liquid_limited_history,ETF,broad_index_us_smallcap,,No,,2.5,2024-01-02,656808259.0,148.31,0.172,-0.287,
VLO,Tier2_liquid_limited_history,Stock,,,No,TBD,2.2,2024-04-01,648196457.0,260.44,0.357,-0.429,
DASH,Tier2_liquid_limited_history,Stock,,,No,TBD,2.5,2024-01-02,646173761.0,184.53,0.574,-0.48,
XLB,Tier2_liquid_limited_history,ETF,sector_materials,,No,,2.2,2024-04-01,645638855.0,50.83,0.233,-0.239,
RCL,Tier2_liquid_limited_history,Stock,,,No,TBD,2.5,2024-01-02,637890267.0,317.53,0.538,-0.352,
PDD,Tier2_liquid_limited_history,Stock,,,No,TBD,2.5,2024-01-02,631904156.0,76.28,0.287,-0.533,
CME,Tier2_liquid_limited_history,Stock,,,No,TBD,2.5,2024-01-02,625183189.0,220.83,0.331,-0.33,
PWR,Tier2_liquid_limited_history,Stock,,,No,TBD,2.5,2024-01-02,616970240.0,720.04,0.512,-0.339,
CCL,Tier2_liquid_limited_history,Stock,,,No,TBD,2.5,2024-01-02,614906222.0,28.57,0.54,-0.423,
DAL,Tier2_liquid_limited_history,Stock,,,No,TBD,2.5,2024-01-02,614805824.0,93.66,0.418,-0.48,
MCHP,Tier2_liquid_limited_history,Stock,,,No,TBD,2.5,2024-01-02,614214815.0,91.3,0.701,-0.635,
CDNS,Tier2_liquid_limited_history,Stock,,,No,TBD,2.5,2024-01-02,612300504.0,375.32,0.428,-0.291,
IYR,Tier2_liquid_limited_history,ETF,sector_real_estate,,No,,2.5,2024-01-02,606222571.0,102.48,0.196,-0.169,
SYK,Tier2_liquid_limited_history,Stock,,,No,TBD,2.2,2024-04-01,605396396.0,314.81,0.381,-0.3,
NXPI,Tier2_liquid_limited_history,Stock,,,No,TBD,2.5,2024-01-02,599881125.0,281.03,0.66,-0.465,
TJX,Tier2_liquid_limited_history,Stock,,,No,TBD,2.2,2024-04-01,591512155.0,151.5,0.297,-0.113,
MCK,Tier2_liquid_limited_history,Stock,,,No,TBD,2.5,2024-01-02,586568486.0,755.6,0.25,-0.272,
WDAY,Tier2_liquid_limited_history,Stock,,,No,TBD,2.2,2024-04-01,581056384.0,122.42,0.489,-0.598,
SPXL,Tier2_liquid_limited_history,ETF,leveraged_or_inverse,,Yes,,2.2,2024-04-01,565440695.0,270.99,0.537,-0.493,
DVN,Tier2_liquid_limited_history,Stock,,,No,TBD,2.5,2024-01-02,560929283.0,41.32,0.364,-0.494,
MDY,Tier2_liquid_limited_history,ETF,broad_index_us_midcap,,No,,2.5,2024-01-02,558819466.0,703.34,0.161,-0.24,
AKAM,Tier2_liquid_limited_history,Stock,,,No,TBD,2.5,2024-01-02,541255921.0,118.21,0.478,-0.469,
VWO,Tier2_liquid_limited_history,ETF,country_emerging,,No,,2.2,2024-04-01,536003679.0,59.69,0.253,-0.194,
PH,Tier2_liquid_limited_history,Stock,,,No,TBD,2.5,2024-01-02,531583925.0,978.12,0.268,-0.268,
ZS,Tier2_liquid_limited_history,Stock,,,No,TBD,2.2,2024-04-01,498218143.0,140.5,0.541,-0.649,
ADP,Tier2_liquid_limited_history,Stock,,,No,TBD,2.5,2024-01-02,495689393.0,223.95,0.235,-0.422,
FTNT,Tier2_liquid_limited_history,Stock,,,No,TBD,2.5,2024-01-02,493642841.0,153.62,0.401,-0.351,
TNA,Tier2_liquid_limited_history,ETF,leveraged_or_inverse,,Yes,,2.2,2024-04-01,480724896.0,75.05,0.682,-0.661,
KKR,Tier2_liquid_limited_history,Stock,,,No,TBD,2.5,2024-01-02,475048244.0,91.78,0.361,-0.498,
WBD,Tier2_liquid_limited_history,Stock,,,No,TBD,2.2,2024-04-01,473516884.0,26.66,0.213,-0.388,
HWM,Tier2_liquid_limited_history,Stock,,,No,TBD,2.5,2024-01-02,470210212.0,268.86,0.359,-0.194,
EOG,Tier2_liquid_limited_history,Stock,,,No,TBD,2.5,2024-01-02,468578167.0,129.73,0.281,-0.263,
APO,Tier2_liquid_limited_history,Stock,,,No,TBD,2.5,2024-01-02,468060208.0,117.98,0.41,-0.438,
FSLR,Tier2_liquid_limited_history,Stock,,,No,TBD,2.5,2024-01-02,467473435.0,235.96,0.674,-0.6,
TT,Tier2_liquid_limited_history,Stock,,,No,TBD,2.2,2024-04-01,458197011.0,491.16,0.407,-0.248,
SPYG,Tier2_liquid_limited_history,ETF,broad_index_us_growth,,No,,2.2,2024-04-01,456249463.0,119.05,0.262,-0.223,
FANG,Tier2_liquid_limited_history,Stock,,,No,TBD,2.5,2024-01-02,455955539.0,175.78,0.348,-0.417,
XRT,Tier2_liquid_limited_history,ETF,sector_retail,,No,,2.2,2024-04-01,454736422.0,87.74,0.228,-0.263,
ELV,Tier2_liquid_limited_history,Stock,,,No,TBD,2.5,2024-01-02,451802499.0,386.73,0.342,-0.506,
CMG,Tier2_liquid_limited_history,Stock,,,No,TBD,2.5,2024-01-02,451730888.0,34.0,0.423,-0.587,
HCA,Tier2_liquid_limited_history,Stock,,,No,TBD,2.5,2024-01-02,450947266.0,389.89,0.299,-0.337,
MPC,Tier2_liquid_limited_history,Stock,,,No,TBD,2.5,2024-01-02,450841342.0,255.67,0.316,-0.444,
WELL,Tier2_liquid_limited_history,Stock,,,No,TBD,2.2,2024-04-01,448518405.0,226.97,0.3,-0.13,
ROST,Tier2_liquid_limited_history,Stock,,,No,TBD,2.5,2024-01-02,448137662.0,212.85,0.351,-0.213,
PGR,Tier2_liquid_limited_history,Stock,,,No,TBD,2.5,2024-01-02,447953336.0,218.45,0.317,-0.346,
VRTX,Tier2_liquid_limited_history,Stock,,,No,TBD,2.2,2024-04-01,443579559.0,496.73,0.258,-0.291,
CMI,Tier2_liquid_limited_history,Stock,,,No,TBD,2.5,2024-01-02,440060189.0,713.21,0.509,-0.308,
REGN,Tier2_liquid_limited_history,Stock,,,No,TBD,2.5,2024-01-02,429859911.0,623.54,0.239,-0.597,
PBR,Tier2_liquid_limited_history,Stock,,,No,TBD,2.5,2024-01-02,426964362.0,16.16,0.284,-0.266,
AXON,Tier2_liquid_limited_history,Stock,,,No,TBD,2.5,2024-01-02,425950409.0,560.34,0.707,-0.603,
HLT,Tier2_liquid_limited_history,Stock,,,No,TBD,2.5,2024-01-02,423775735.0,330.46,0.169,-0.264,
ZTS,Tier2_liquid_limited_history,Stock,,,No,TBD,2.2,2024-04-01,422408123.0,71.9,0.337,-0.634,
TEL,Tier2_liquid_limited_history,Stock,,,No,TBD,2.2,2024-04-01,419808215.0,201.61,0.401,-0.236,
SH,Tier2_liquid_limited_history,ETF,leveraged_or_inverse,,Yes,,2.5,2024-01-02,416165541.0,33.02,0.176,-0.344,
ICE,Tier2_liquid_limited_history,Stock,,,No,TBD,2.5,2024-01-02,412483470.0,123.0,0.304,-0.348,
MAR,Tier2_liquid_limited_history,Stock,,,No,TBD,2.5,2024-01-02,412382666.0,370.59,0.227,-0.307,
BKR,Tier2_liquid_limited_history,Stock,,,No,TBD,2.5,2024-01-02,410789707.0,55.5,0.355,-0.284,
ABNB,Tier2_liquid_limited_history,Stock,,,No,TBD,2.5,2024-01-02,409344036.0,143.1,0.333,-0.372,
NOC,Tier2_liquid_limited_history,Stock,,,No,TBD,2.5,2024-01-02,408552213.0,509.31,0.316,-0.355,
ADSK,Tier2_liquid_limited_history,Stock,,,No,TBD,2.5,2024-01-02,406380546.0,194.42,0.412,-0.424,
MCO,Tier2_liquid_limited_history,Stock,,,No,TBD,2.5,2024-01-02,405374855.0,452.92,0.265,-0.248,
CSX,Tier2_liquid_limited_history,Stock,,,No,TBD,2.5,2024-01-02,404914186.0,47.54,0.225,-0.292,
CF,Tier2_liquid_limited_history,Stock,,,No,TBD,2.5,2024-01-02,401487238.0,108.23,0.321,-0.296,
HAL,Tier2_liquid_limited_history,Stock,,,No,TBD,2.5,2024-01-02,398072159.0,33.95,0.364,-0.518,
CB,Tier2_liquid_limited_history,Stock,,,No,TBD,2.5,2024-01-02,397273435.0,340.74,0.221,-0.141,
KEYS,Tier2_liquid_limited_history,Stock,,,No,TBD,2.5,2024-01-02,396020068.0,350.07,0.534,-0.314,
LYB,Tier2_liquid_limited_history,Stock,,,No,TBD,2.5,2024-01-02,392824782.0,52.65,0.25,-0.565,
EBAY,Tier2_liquid_limited_history,Stock,,,No,TBD,2.5,2024-01-02,385223797.0,111.75,0.264,-0.212,
KMB,Tier2_liquid_limited_history,Stock,,,No,TBD,2.5,2024-01-02,381432934.0,109.77,0.308,-0.369,
VALE,Tier2_liquid_limited_history,Stock,,,No,TBD,2.2,2024-04-01,380345177.0,15.02,0.36,-0.363,
UPRO,Tier2_liquid_limited_history,ETF,leveraged_or_inverse,,Yes,,2.2,2024-04-01,380203908.0,141.96,0.534,-0.492,
ROKU,Tier2_liquid_limited_history,Stock,,,No,TBD,2.5,2024-01-02,379170481.0,138.14,0.739,-0.482,
TTWO,Tier2_liquid_limited_history,Stock,,,No,TBD,2.2,2024-04-01,375093111.0,249.98,0.369,-0.277,
INDA,Tier2_liquid_limited_history,ETF,country_single_india,,No,,2.5,2024-01-02,373137960.0,49.39,0.176,-0.225,
WM,Tier2_liquid_limited_history,Stock,,,No,TBD,2.2,2024-04-01,370918100.0,222.88,0.241,-0.187,
PSX,Tier2_liquid_limited_history,Stock,,,No,TBD,2.5,2024-01-02,367206302.0,169.21,0.265,-0.438,
LYV,Tier2_liquid_limited_history,Stock,,,No,TBD,2.5,2024-01-02,365808435.0,183.11,0.267,-0.278,
EXPE,Tier2_liquid_limited_history,Stock,,,No,TBD,2.5,2024-01-02,364832944.0,255.88,0.496,-0.374,
EQT,Tier2_liquid_limited_history,Stock,,,No,TBD,2.5,2024-01-02,364823028.0,53.17,0.245,-0.279,
AEP,Tier2_liquid_limited_history,Stock,,,No,TBD,2.5,2024-01-02,364020485.0,136.81,0.192,-0.115,
COR,Tier2_liquid_limited_history,Stock,,,No,TBD,2.5,2024-01-02,363608393.0,282.98,0.217,-0.318,
WMB,Tier2_liquid_limited_history,Stock,,,No,TBD,2.2,2024-04-01,361492248.0,75.02,0.227,-0.129,
AON,Tier2_liquid_limited_history,Stock,,,No,TBD,2.5,2024-01-02,357105792.0,331.69,0.289,-0.247,
LHX,Tier2_liquid_limited_history,Stock,,,No,TBD,2.5,2024-01-02,355286165.0,290.59,0.351,-0.252,
HPQ,Tier2_liquid_limited_history,Stock,,,No,TBD,2.5,2024-01-02,351677813.0,21.94,0.367,-0.528,
NCLH,Tier2_liquid_limited_history,Stock,,,No,TBD,2.5,2024-01-02,347655478.0,21.12,0.494,-0.491,
MSI,Tier2_liquid_limited_history,Stock,,,No,TBD,2.5,2024-01-02,347087959.0,415.29,0.208,-0.275,
TFC,Tier2_liquid_limited_history,Stock,,,No,TBD,2.2,2024-04-01,346504161.0,49.82,0.332,-0.277,
CI,Tier2_liquid_limited_history,Stock,,,No,TBD,2.5,2024-01-02,345993328.0,275.68,0.25,-0.324,
PNC,Tier2_liquid_limited_history,Stock,,,No,TBD,2.5,2024-01-02,345337399.0,246.22,0.244,-0.294,
CTSH,Tier2_liquid_limited_history,Stock,,,No,TBD,2.5,2024-01-02,342385236.0,38.71,0.489,-0.573,
KR,Tier2_liquid_limited_history,Stock,,,No,TBD,2.5,2024-01-02,341463517.0,55.53,0.415,-0.265,
ULTA,Tier2_liquid_limited_history,Stock,,,No,TBD,2.2,2024-04-01,340256402.0,450.98,0.415,-0.403,
QLD,Tier2_liquid_limited_history,ETF,leveraged_or_inverse,,Yes,,2.5,2024-01-02,338942926.0,96.71,0.672,-0.687,
ODFL,Tier2_liquid_limited_history,Stock,,,No,TBD,2.5,2024-01-02,334025501.0,216.6,0.43,-0.453,
AJG,Tier2_liquid_limited_history,Stock,,,No,TBD,2.5,2024-01-02,333130794.0,229.57,0.305,-0.449,
CCJ,Tier2_liquid_limited_history,Stock,,,No,TBD,2.5,2024-01-02,329867646.0,102.12,0.64,-0.4,
NRG,Tier2_liquid_limited_history,Stock,,,No,TBD,2.5,2024-01-02,329608946.0,146.06,0.435,-0.344,
BDX,Tier2_liquid_limited_history,Stock,,,No,TBD,2.5,2024-01-02,328962068.0,151.33,0.299,-0.435,
DG,Tier2_liquid_limited_history,Stock,,,No,TBD,2.5,2024-01-02,327514488.0,115.11,0.404,-0.563,
EW,Tier2_liquid_limited_history,Stock,,,No,TBD,2.5,2024-01-02,323228182.0,90.46,0.25,-0.38,
AZN,Tier2_liquid_limited_history,Stock,,,No,TBD,2.5,2024-01-02,323184012.0,189.62,0.271,-0.279,
MNST,Tier2_liquid_limited_history,Stock,,,No,TBD,2.5,2024-01-02,322095114.0,96.12,0.171,-0.26,
CAH,Tier2_liquid_limited_history,Stock,,,No,TBD,2.5,2024-01-02,319653168.0,237.56,0.226,-0.206,
CARR,Tier2_liquid_limited_history,Stock,,,No,TBD,2.5,2024-01-02,318732578.0,73.35,0.409,-0.385,
ROP,Tier2_liquid_limited_history,Stock,,,No,TBD,2.5,2024-01-02,318144880.0,338.39,0.188,-0.469,
HBAN,Tier2_liquid_limited_history,Stock,,,No,TBD,2.5,2024-01-02,317526893.0,17.73,0.257,-0.304,
HUM,Tier2_liquid_limited_history,Stock,,,No,TBD,2.5,2024-01-02,317492897.0,397.34,0.344,-0.647,
ALB,Tier2_liquid_limited_history,Stock,,,No,TBD,2.5,2024-01-02,313973270.0,135.03,0.608,-0.647,
ECL,Tier2_liquid_limited_history,Stock,,,No,TBD,2.5,2024-01-02,313660531.0,278.61,0.251,-0.203,
MP,Tier2_liquid_limited_history,Stock,,,No,TBD,2.5,2024-01-02,313332789.0,56.01,0.641,-0.539,
JBL,Tier2_liquid_limited_history,Stock,,,No,TBD,2.5,2024-01-02,311695162.0,385.48,0.477,-0.368,
VRSK,Tier2_liquid_limited_history,Stock,,,No,TBD,2.2,2024-04-01,311499436.0,179.53,0.302,-0.512,
KVUE,Tier2_liquid_limited_history,Stock,,,No,TBD,2.5,2024-01-02,310330455.0,19.11,0.27,-0.421,
D,Tier2_liquid_limited_history,Stock,,,No,TBD,2.5,2024-01-02,310224678.0,68.29,0.183,-0.156,
PLD,Tier2_liquid_limited_history,Stock,,,No,TBD,2.5,2024-01-02,307317548.0,135.47,0.277,-0.308,
OKE,Tier2_liquid_limited_history,Stock,,,No,TBD,2.5,2024-01-02,303125429.0,86.94,0.279,-0.438,
TSCO,Tier2_liquid_limited_history,Stock,,,No,TBD,2.2,2024-04-01,299483135.0,31.61,0.319,-0.535,
KMI,Tier2_liquid_limited_history,Stock,,,No,TBD,2.5,2024-01-02,298444979.0,31.97,0.206,-0.193,
DLR,Tier2_liquid_limited_history,Stock,,,No,TBD,2.5,2024-01-02,297650647.0,179.58,0.356,-0.294,
FITB,Tier2_liquid_limited_history,Stock,,,No,TBD,2.5,2024-01-02,296818914.0,56.37,0.287,-0.3,
HSY,Tier2_liquid_limited_history,Stock,,,No,TBD,2.5,2024-01-02,294658353.0,175.45,0.375,-0.282,
DLTR,Tier2_liquid_limited_history,Stock,,,No,TBD,2.5,2024-01-02,289077433.0,122.29,0.447,-0.592,
CBOE,Tier2_liquid_limited_history,Stock,,,No,TBD,2.5,2024-01-02,289072054.0,242.67,0.607,-0.369,
EXE,Tier2_liquid_limited_history,Stock,,,No,TBD,1.7,2024-10-02,288034306.0,90.94,0.24,-0.292,
DPZ,Tier2_liquid_limited_history,Stock,,,No,TBD,2.5,2024-01-02,287271632.0,296.04,0.37,-0.46,
XEL,Tier2_liquid_limited_history,Stock,,,No,TBD,2.2,2024-04-01,286275796.0,80.3,0.222,-0.131,
EXC,Tier2_liquid_limited_history,Stock,,,No,TBD,2.5,2024-01-02,284164844.0,46.55,0.194,-0.137,
CTAS,Tier2_liquid_limited_history,Stock,,,No,TBD,2.5,2024-01-02,282999193.0,170.08,0.308,-0.282,
PCG,Tier2_liquid_limited_history,Stock,,,No,TBD,2.5,2024-01-02,280258926.0,16.82,0.263,-0.397,
GIS,Tier2_liquid_limited_history,Stock,,,No,TBD,2.5,2024-01-02,278886817.0,34.8,0.313,-0.559,
DHI,Tier2_liquid_limited_history,Stock,,,No,TBD,2.5,2024-01-02,278644081.0,162.88,0.406,-0.411,
VMC,Tier2_liquid_limited_history,Stock,,,No,TBD,2.2,2024-04-01,278388083.0,295.01,0.363,-0.244,
DKNG,Tier2_liquid_limited_history,Stock,,,No,TBD,2.5,2024-01-02,278220657.0,25.26,0.745,-0.612,
APD,Tier2_liquid_limited_history,Stock,,,No,TBD,2.5,2024-01-02,276542381.0,293.18,0.339,-0.314,
PSQ,Tier2_liquid_limited_history,ETF,leveraged_or_inverse,,Yes,,2.5,2024-01-02,273825798.0,25.06,0.333,-0.45,
RF,Tier2_liquid_limited_history,Stock,,,No,TBD,2.5,2024-01-02,272431250.0,30.2,0.229,-0.309,
O,Tier2_liquid_limited_history,Stock,,,No,TBD,2.5,2024-01-02,272133250.0,61.96,0.183,-0.171,
AFRM,Tier2_liquid_limited_history,Stock,,,No,TBD,2.5,2024-01-02,271977826.0,81.55,0.712,-0.559,
WAT,Tier2_liquid_limited_history,Stock,,,No,TBD,2.2,2024-04-01,270590062.0,375.04,0.262,-0.334,
MSCI,Tier2_liquid_limited_history,Stock,,,No,TBD,2.5,2024-01-02,268973046.0,560.04,0.299,-0.26,
FBTC,Tier2_liquid_limited_history,ETF,commodity_crypto_bitcoin,,No,,2.5,2024-01-11,268360995.0,51.02,0.481,-0.534,
PAYX,Tier2_liquid_limited_history,Stock,,,No,TBD,2.5,2024-01-02,267802982.0,98.33,0.273,-0.464,
ROK,Tier2_liquid_limited_history,Stock,,,No,TBD,2.5,2024-01-02,266758010.0,495.08,0.389,-0.279,
MLM,Tier2_liquid_limited_history,Stock,,,No,TBD,2.5,2024-01-02,263593243.0,576.7,0.401,-0.267,
ITW,Tier2_liquid_limited_history,Stock,,,No,TBD,2.5,2024-01-02,263326605.0,270.47,0.202,-0.216,
PPL,Tier2_liquid_limited_history,Stock,,,No,TBD,2.5,2024-01-02,262845175.0,36.35,0.183,-0.133,
LUV,Tier2_liquid_limited_history,Stock,,,No,TBD,2.5,2024-01-02,262129295.0,51.42,0.446,-0.338,
KDP,Tier2_liquid_limited_history,Stock,,,No,TBD,2.5,2024-01-02,261901474.0,32.99,0.256,-0.321,
WPM,Tier2_liquid_limited_history,Stock,,,No,TBD,2.2,2024-04-01,259812340.0,112.32,0.574,-0.351,
NTAP,Tier2_liquid_limited_history,Stock,,,No,TBD,2.5,2024-01-02,257328362.0,154.76,0.376,-0.426,
OMC,Tier2_liquid_limited_history,Stock,,,No,TBD,2.5,2024-01-02,254196124.0,72.83,0.324,-0.359,
BIDU,Tier2_liquid_limited_history,Stock,,,No,TBD,2.5,2024-01-02,253924318.0,114.29,0.547,-0.36,
CPRT,Tier2_liquid_limited_history,Stock,,,No,TBD,2.5,2024-01-02,253863634.0,28.19,0.419,-0.56,
SDS,Tier2_liquid_limited_history,ETF,leveraged_or_inverse,,Yes,,2.5,2024-01-02,249697912.0,56.85,0.356,-0.584,
RSG,Tier2_liquid_limited_history,Stock,,,No,TBD,2.5,2024-01-02,249067206.0,213.08,0.228,-0.234,
XHB,Tier2_liquid_limited_history,ETF,sector_homebuilders,,No,,2.2,2024-04-01,247854044.0,115.56,0.352,-0.308,
ETR,Tier2_liquid_limited_history,Stock,,,No,TBD,2.5,2024-01-02,247234079.0,114.86,0.193,-0.11,
KGC,Tier2_liquid_limited_history,Stock,,,No,TBD,2.5,2024-01-02,246018187.0,23.64,0.594,-0.38,
DXCM,Tier2_liquid_limited_history,Stock,,,No,TBD,2.5,2024-01-02,245949358.0,67.35,0.376,-0.609,
PCAR,Tier2_liquid_limited_history,Stock,,,No,TBD,2.5,2024-01-02,244891322.0,120.12,0.369,-0.275,
CCI,Tier2_liquid_limited_history,Stock,,,No,TBD,2.5,2024-01-02,244265128.0,75.73,0.442,-0.35,
IDXX,Tier2_liquid_limited_history,Stock,,,No,TBD,2.5,2024-01-02,244250106.0,526.44,0.35,-0.374,
SYY,Tier2_liquid_limited_history,Stock,,,No,TBD,2.2,2024-04-01,244021029.0,83.58,0.172,-0.24,
NSC,Tier2_liquid_limited_history,Stock,,,No,TBD,2.5,2024-01-02,243798831.0,314.59,0.217,-0.247,
HUBB,Tier2_liquid_limited_history,Stock,,,No,TBD,2.5,2024-01-02,243356350.0,523.2,0.408,-0.327,
NUE,Tier2_liquid_limited_history,Stock,,,No,TBD,2.5,2024-01-02,242874676.0,222.75,0.403,-0.478,
TRGP,Tier2_liquid_limited_history,Stock,,,No,TBD,2.2,2024-04-01,242648044.0,268.14,0.265,-0.326,
CHRW,Tier2_liquid_limited_history,Stock,,,No,TBD,2.5,2024-01-02,242355329.0,188.55,0.337,-0.238,
XME,Tier2_liquid_limited_history,ETF,sector_metals_mining,,No,,2.2,2024-04-01,242139246.0,106.93,0.458,-0.307,
STZ,Tier2_liquid_limited_history,Stock,,,No,TBD,2.2,2024-04-01,241801318.0,139.66,0.314,-0.523,
KEY,Tier2_liquid_limited_history,Stock,,,No,TBD,2.5,2024-01-02,241551892.0,23.05,0.194,-0.313,
GEHC,Tier2_liquid_limited_history,Stock,,,No,TBD,2.5,2024-01-02,240975017.0,64.01,0.33,-0.377,
NDAQ,Tier2_liquid_limited_history,Stock,,,No,TBD,2.5,2024-01-02,240770144.0,78.82,0.414,-0.239,
PSA,Tier2_liquid_limited_history,Stock,,,No,TBD,2.5,2024-01-02,237751492.0,318.31,0.218,-0.278,
IQV,Tier2_liquid_limited_history,Stock,,,No,TBD,2.5,2024-01-02,237343484.0,193.22,0.423,-0.471,
JD,Tier2_liquid_limited_history,Stock,,,No,TBD,2.5,2024-01-02,236912778.0,25.48,0.261,-0.447,
TPR,Tier2_liquid_limited_history,Stock,,,No,TBD,2.2,2024-04-01,236230364.0,146.38,0.306,-0.321,
IR,Tier2_liquid_limited_history,Stock,,,No,TBD,2.5,2024-01-02,232804894.0,81.99,0.358,-0.366,
CBRE,Tier2_liquid_limited_history,Stock,,,No,TBD,2.5,2024-01-02,232321924.0,134.69,0.304,-0.274,
FAST,Tier2_liquid_limited_history,Stock,,,No,TBD,2.5,2024-01-02,232262117.0,48.03,0.244,-0.223,
APA,Tier2_liquid_limited_history,Stock,,,No,TBD,2.5,2024-01-02,232156143.0,32.57,0.41,-0.595,
ALL,Tier2_liquid_limited_history,Stock,,,No,TBD,2.5,2024-01-02,231652821.0,237.94,0.301,-0.141,
EFX,Tier2_liquid_limited_history,Stock,,,No,TBD,2.5,2024-01-02,230841961.0,158.72,0.438,-0.502,
BBY,Tier2_liquid_limited_history,Stock,,,No,TBD,2.5,2024-01-02,230476885.0,75.88,0.32,-0.451,
VTR,Tier2_liquid_limited_history,Stock,,,No,TBD,2.2,2024-04-01,228063431.0,88.8,0.3,-0.144,
SRE,Tier2_liquid_limited_history,Stock,,,No,TBD,2.2,2024-04-01,226839193.0,92.69,0.196,-0.327,
AMP,Tier2_liquid_limited_history,Stock,,,No,TBD,2.5,2024-01-02,226413802.0,458.76,0.224,-0.266,
ET,Tier2_liquid_limited_history,Stock,,,No,TBD,2.5,2024-01-02,225700753.0,19.12,0.171,-0.259,
ITB,Tier2_liquid_limited_history,Stock,,,No,TBD,2.5,2024-01-02,224133679.0,104.48,0.363,-0.334,
STT,Tier2_liquid_limited_history,Stock,,,No,TBD,2.2,2024-04-01,223657655.0,169.6,0.246,-0.263,
FIS,Tier2_liquid_limited_history,Stock,,,No,TBD,2.5,2024-01-02,223299417.0,38.87,0.318,-0.583,
CTVA,Tier2_liquid_limited_history,Stock,,,No,TBD,2.5,2024-01-02,223254712.0,84.66,0.161,-0.209,
CFG,Tier2_liquid_limited_history,Stock,,,No,TBD,2.5,2024-01-02,222349187.0,70.07,0.219,-0.291,
CNC,Tier2_liquid_limited_history,Stock,,,No,TBD,2.5,2024-01-02,219991441.0,64.2,0.419,-0.686,
DKS,Tier2_liquid_limited_history,Stock,,,No,TBD,2.5,2024-01-02,217130511.0,231.03,0.356,-0.331,
OTIS,Tier2_liquid_limited_history,Stock,,,No,TBD,2.5,2024-01-02,216772802.0,71.6,0.21,-0.338,
LEN,Tier2_liquid_limited_history,Stock,,,No,TBD,2.5,2024-01-02,216581718.0,90.49,0.483,-0.553,
PR,Tier2_liquid_limited_history,Stock,,,No,TBD,2.5,2024-01-02,213975780.0,18.41,0.335,-0.394,
YUM,Tier2_liquid_limited_history,Stock,,,No,TBD,2.2,2024-04-01,213612465.0,159.88,0.25,-0.15,
FOXA,Tier2_liquid_limited_history,Stock,,,No,TBD,2.5,2024-01-02,212828829.0,51.93,0.75,-0.358,
CLX,Tier2_liquid_limited_history,Stock,,,No,TBD,2.5,2024-01-02,209698651.0,95.44,0.369,-0.493,
TKO,Tier2_liquid_limited_history,Stock,,,No,TBD,2.2,2024-04-01,209122358.0,201.31,0.428,-0.213,
SYF,Tier2_liquid_limited_history,Stock,,,No,TBD,2.2,2024-04-01,208549791.0,76.05,0.336,-0.38,
DRI,Tier2_liquid_limited_history,Stock,,,No,TBD,2.5,2024-01-02,208442105.0,206.01,0.285,-0.251,
MOS,Tier2_liquid_limited_history,Stock,,,No,TBD,2.5,2024-01-02,206690777.0,21.2,0.614,-0.475,
A,Tier2_liquid_limited_history,Stock,,,No,TBD,2.5,2024-01-02,206125133.0,132.83,0.331,-0.353,
SWKS,Tier2_liquid_limited_history,Stock,,,No,TBD,2.2,2024-04-01,205470037.0,67.8,0.615,-0.593,
AME,Tier2_liquid_limited_history,Stock,,,No,TBD,2.5,2024-01-02,204221219.0,241.94,0.269,-0.23,
ADM,Tier2_liquid_limited_history,Stock,,,No,TBD,2.5,2024-01-02,202363160.0,76.4,0.243,-0.395,
SPDW,Tier2_liquid_limited_history,ETF,country_developed_exus,,No,,2.2,2024-04-01,202215564.0,50.37,0.252,-0.14,
RMD,Tier2_liquid_limited_history,Stock,,,No,TBD,2.5,2024-01-02,201194234.0,194.88,0.305,-0.378,
ILMN,Tier2_liquid_limited_history,Stock,,,No,TBD,2.5,2024-01-02,199710261.0,175.83,0.45,-0.547,
STLD,Tier2_liquid_limited_history,Stock,,,No,TBD,2.2,2024-04-01,197868582.0,229.46,0.475,-0.292,
RL,Tier2_liquid_limited_history,Stock,,,No,TBD,2.5,2024-01-02,190377364.0,401.41,0.36,-0.364,
PODD,Tier2_liquid_limited_history,Stock,,,No,TBD,2.5,2024-01-02,188319933.0,152.25,0.506,-0.606,
WSM,Tier2_liquid_limited_history,Stock,,,No,TBD,2.2,2024-04-01,187375811.0,232.29,0.398,-0.368,
GPN,Tier2_liquid_limited_history,Stock,,,No,TBD,2.5,2024-01-02,187055669.0,72.56,0.494,-0.545,
AFL,Tier2_liquid_limited_history,Stock,,,No,TBD,2.5,2024-01-02,186206968.0,117.25,0.213,-0.136,
MCHI,Tier2_liquid_limited_history,ETF,country_single_china,,No,,2.5,2024-01-02,183806260.0,51.02,0.217,-0.256,
IP,Tier2_liquid_limited_history,Stock,,,No,TBD,2.5,2024-01-02,182917068.0,38.1,0.508,-0.511,
XYL,Tier2_liquid_limited_history,Stock,,,No,TBD,2.2,2024-04-01,182523737.0,118.21,0.249,-0.305,
AWK,Tier2_liquid_limited_history,Stock,,,No,TBD,2.5,2024-01-02,182102859.0,131.58,0.229,-0.203,
WST,Tier2_liquid_limited_history,Stock,,,No,TBD,2.2,2024-04-01,181248375.0,359.0,0.24,-0.519,
BR,Tier2_liquid_limited_history,Stock,,,No,TBD,2.5,2024-01-02,180073030.0,136.95,0.26,-0.493,
SW,Tier2_liquid_limited_history,Stock,,,No,TBD,2.0,2024-07-08,179828040.0,46.26,0.522,-0.421,
GNRC,Tier2_liquid_limited_history,Stock,,,No,TBD,2.5,2024-01-02,179748524.0,292.81,0.728,-0.478,
CDW,Tier2_liquid_limited_history,Stock,,,No,TBD,2.5,2024-01-02,179515046.0,140.64,0.427,-0.609,
WAB,Tier2_liquid_limited_history,Stock,,,No,TBD,2.2,2024-04-01,176806018.0,269.6,0.328,-0.237,
FE,Tier2_liquid_limited_history,Stock,,,No,TBD,2.5,2024-01-02,176441703.0,47.54,0.183,-0.156,
JBHT,Tier2_liquid_limited_history,Stock,,,No,TBD,2.5,2024-01-02,174902085.0,289.43,0.303,-0.425,
CHWY,Tier2_liquid_limited_history,Stock,,,No,TBD,2.5,2024-01-02,174337398.0,19.65,0.512,-0.637,
CNP,Tier2_liquid_limited_history,Stock,,,No,TBD,2.5,2024-01-02,174227281.0,44.04,0.177,-0.181,
LII,Tier2_liquid_limited_history,Stock,,,No,TBD,2.5,2024-01-02,173217130.0,572.95,0.392,-0.352,
SBAC,Tier2_liquid_limited_history,Stock,,,No,TBD,2.5,2024-01-02,172995338.0,176.46,0.391,-0.334,
FFIV,Tier2_liquid_limited_history,Stock,,,No,TBD,2.5,2024-01-02,172743372.0,415.96,0.283,-0.347,
LVS,Tier2_liquid_limited_history,Stock,,,No,TBD,2.5,2024-01-02,171309447.0,46.19,0.24,-0.444,
TYL,Tier2_liquid_limited_history,Stock,,,No,TBD,2.2,2024-04-01,169497724.0,292.46,0.415,-0.574,
FDS,Tier2_liquid_limited_history,Stock,,,No,TBD,2.5,2024-01-02,168174621.0,230.08,0.543,-0.614,
TROW,Tier2_liquid_limited_history,Stock,,,No,TBD,2.2,2024-04-01,168172318.0,113.69,0.248,-0.356,
CPB,Tier2_liquid_limited_history,Stock,,,No,TBD,2.5,2024-01-02,168093115.0,22.27,0.401,-0.604,
MTB,Tier2_liquid_limited_history,Stock,,,No,TBD,2.5,2024-01-02,168066630.0,238.01,0.23,-0.277,
DECK,Tier2_liquid_limited_history,Stock,,,No,TBD,2.5,2024-01-02,167865206.0,99.29,0.369,-0.643,
MKC,Tier2_liquid_limited_history,Stock,,,No,TBD,2.5,2024-01-02,167210752.0,50.42,0.332,-0.462,
TPL,Tier2_liquid_limited_history,Stock,,,No,TBD,2.2,2024-04-01,165213567.0,437.64,0.538,-0.526,
SILJ,Tier2_liquid_limited_history,ETF,commodity_silver_miners,,No,,2.5,2024-01-02,165009243.0,25.93,0.708,-0.391,
CMS,Tier2_liquid_limited_history,Stock,,,No,TBD,2.5,2024-01-02,164126272.0,76.5,0.229,-0.121,
ZBRA,Tier2_liquid_limited_history,Stock,,,No,TBD,2.2,2024-04-01,163771246.0,263.26,0.533,-0.527,
ED,Tier2_liquid_limited_history,Stock,,,No,TBD,2.5,2024-01-02,162030987.0,110.64,0.181,-0.159,
PEG,Tier2_liquid_limited_history,Stock,,,No,TBD,2.5,2024-01-02,161874901.0,81.16,0.192,-0.179,
VICI,Tier2_liquid_limited_history,Stock,,,No,TBD,2.2,2024-04-01,161556177.0,26.54,0.284,-0.233,
PPG,Tier2_liquid_limited_history,Stock,,,No,TBD,2.5,2024-01-02,161507171.0,121.23,0.319,-0.358,
MGM,Tier2_liquid_limited_history,Stock,,,No,TBD,2.5,2024-01-02,160347653.0,48.18,0.304,-0.46,
PHM,Tier2_liquid_limited_history,Stock,,,No,TBD,2.5,2024-01-02,158728429.0,137.21,0.395,-0.38,
BRO,Tier2_liquid_limited_history,Stock,,,No,TBD,2.5,2024-01-02,158566470.0,64.15,0.386,-0.563,
APTV,Tier2_liquid_limited_history,Stock,,,No,TBD,2.5,2024-01-02,158461831.0,61.38,0.568,-0.469,
ETSY,Tier2_liquid_limited_history,Stock,,,No,TBD,2.5,2024-01-02,158407392.0,75.33,0.378,-0.512,
DOV,Tier2_liquid_limited_history,Stock,,,No,TBD,2.5,2024-01-02,157673203.0,224.28,0.271,-0.268,
CPAY,Tier2_liquid_limited_history,Stock,,,No,TBD,2.3,2024-03-25,157594204.0,333.27,0.333,-0.345,
VRSN,Tier2_liquid_limited_history,Stock,,,No,TBD,2.2,2024-04-01,157545471.0,251.56,0.337,-0.309,
PTC,Tier2_liquid_limited_history,Stock,,,No,TBD,2.5,2024-01-02,157258031.0,113.61,0.528,-0.481,
PRU,Tier2_liquid_limited_history,Stock,,,No,TBD,2.5,2024-01-02,155975272.0,107.93,0.22,-0.284,
ZBH,Tier2_liquid_limited_history,Stock,,,No,TBD,2.2,2024-04-01,154335239.0,86.09,0.336,-0.388,
BG,Tier2_liquid_limited_history,Stock,,,No,TBD,2.5,2024-01-02,154035061.0,106.73,0.274,-0.377,
WEC,Tier2_liquid_limited_history,Stock,,,No,TBD,2.2,2024-04-01,153606766.0,116.77,0.174,-0.119,
SPMD,Tier2_liquid_limited_history,ETF,broad_index_us_midcap,,No,,2.2,2024-04-01,151687643.0,67.54,0.161,-0.247,
AMCR,Tier2_liquid_limited_history,Stock,,,No,TBD,2.5,2024-01-02,150330216.0,43.35,0.272,-0.306,
WTW,Tier2_liquid_limited_history,Stock,,,No,TBD,2.2,2024-04-01,148455917.0,261.37,0.263,-0.308,
HIG,Tier2_liquid_limited_history,Stock,,,No,TBD,2.5,2024-01-02,147328348.0,132.52,0.248,-0.134,
ACGL,Tier2_liquid_limited_history,Stock,,,No,TBD,2.5,2024-01-02,146672480.0,97.06,0.217,-0.224,
SJM,Tier2_liquid_limited_history,Stock,,,No,TBD,2.5,2024-01-02,146488501.0,112.5,0.471,-0.292,
NI,Tier2_liquid_limited_history,Stock,,,No,TBD,2.5,2024-01-02,146134196.0,47.55,0.197,-0.1,
TDY,Tier2_liquid_limited_history,Stock,,,No,TBD,2.2,2024-04-01,145953470.0,666.9,0.298,-0.184,
GPC,Tier2_liquid_limited_history,Stock,,,No,TBD,2.5,2024-01-02,145089530.0,117.98,0.297,-0.417,
ALGN,Tier2_liquid_limited_history,Stock,,,No,TBD,2.5,2024-01-02,144737292.0,168.66,0.485,-0.622,
RJF,Tier2_liquid_limited_history,Stock,,,No,TBD,2.5,2024-01-02,144038116.0,152.03,0.23,-0.284,
POOL,Tier2_liquid_limited_history,Stock,,,No,TBD,2.5,2024-01-02,143311522.0,214.9,0.375,-0.574,
MAS,Tier2_liquid_limited_history,Stock,,,No,TBD,2.5,2024-01-02,141758931.0,81.37,0.351,-0.308,
EIX,Tier2_liquid_limited_history,Stock,,,No,TBD,2.5,2024-01-02,141543253.0,74.45,0.226,-0.439,
FTV,Tier2_liquid_limited_history,Stock,,,No,TBD,2.5,2024-01-02,140396745.0,61.09,0.271,-0.458,
BWA,Tier2_liquid_limited_history,Stock,,,No,TBD,2.5,2024-01-02,140292656.0,66.4,0.487,-0.33,
TMF,Tier2_liquid_limited_history,ETF,leveraged_or_inverse,,Yes,,2.2,2024-04-01,139554116.0,35.54,0.289,-0.503,
KBE,Tier2_liquid_limited_history,ETF,sector_banks,,No,,2.5,2024-01-02,139305599.0,68.38,0.19,-0.26,
ATO,Tier2_liquid_limited_history,Stock,,,No,TBD,2.5,2024-01-02,139165522.0,172.27,0.126,-0.131,
SPEM,Tier2_liquid_limited_history,ETF,country_emerging,,No,,2.2,2024-04-01,138704256.0,51.78,0.256,-0.19,
GBTC,Tier2_liquid_limited_history,ETF,commodity_crypto_bitcoin,,No,,2.5,2024-01-11,138621749.0,45.48,0.476,-0.538,
CZR,Tier2_liquid_limited_history,Stock,,,No,TBD,2.5,2024-01-02,138526467.0,30.18,0.122,-0.62,
PDBC,Tier2_liquid_limited_history,ETF,commodity_broad_basket,,No,,2.5,2024-01-02,137916215.0,15.9,0.18,-0.165,
JKHY,Tier2_liquid_limited_history,Stock,,,No,TBD,2.5,2024-01-02,137908565.0,137.74,0.346,-0.359,
EXPD,Tier2_liquid_limited_history,Stock,,,No,TBD,2.5,2024-01-02,137801089.0,162.98,0.196,-0.207,
HST,Tier2_liquid_limited_history,Stock,,,No,TBD,2.5,2024-01-02,137791205.0,23.71,0.278,-0.36,
WYNN,Tier2_liquid_limited_history,Stock,,,No,TBD,2.2,2024-04-01,137753747.0,97.18,0.291,-0.385,
FEZ,Tier2_liquid_limited_history,ETF,country_single_eurozone,,No,,2.5,2024-01-02,137172063.0,68.68,0.226,-0.161,
GME,Tier2_liquid_limited_history,Stock,,,No,TBD,2.5,2024-01-02,136969360.0,22.03,0.322,-0.626,
CHD,Tier2_liquid_limited_history,Stock,,,No,TBD,2.5,2024-01-02,136710507.0,96.88,0.276,-0.279,
GRMN,Tier2_liquid_limited_history,Stock,,,No,TBD,2.5,2024-01-02,135116930.0,237.54,0.246,-0.282,
CCEP,Tier2_liquid_limited_history,Stock,,,No,TBD,2.5,2024-01-02,134901615.0,100.07,0.187,-0.191,
TSN,Tier2_liquid_limited_history,Stock,,,No,TBD,2.2,2024-04-01,134892597.0,57.25,0.312,-0.23,
COO,Tier2_liquid_limited_history,Stock,,,No,TBD,2.5,2024-01-02,134570911.0,71.71,0.387,-0.47,
STE,Tier2_liquid_limited_history,Stock,,,No,TBD,2.2,2024-04-01,133929038.0,210.57,0.244,-0.258,
HII,Tier2_liquid_limited_history,Stock,,,No,TBD,2.5,2024-01-02,133838851.0,279.89,0.308,-0.445,
VLTO,Tier2_liquid_limited_history,Stock,,,No,TBD,2.2,2024-04-01,133462234.0,88.68,0.28,-0.276,
DTE,Tier2_liquid_limited_history,Stock,,,No,TBD,2.5,2024-01-02,133223679.0,152.37,0.178,-0.109,
ROL,Tier2_liquid_limited_history,Stock,,,No,TBD,2.5,2024-01-02,133193572.0,41.74,0.274,-0.364,
PKG,Tier2_liquid_limited_history,Stock,,,No,TBD,2.5,2024-01-02,132047893.0,238.28,0.301,-0.284,
LDOS,Tier2_liquid_limited_history,Stock,,,No,TBD,2.5,2024-01-02,131240474.0,102.97,0.339,-0.501,
DD,Tier2_liquid_limited_history,Stock,,,No,TBD,2.5,2024-01-02,129478484.0,135.66,0.302,-0.738,
LNT,Tier2_liquid_limited_history,Stock,,,No,TBD,2.5,2024-01-02,128841203.0,76.29,0.164,-0.11,
ROIV,Tier2_liquid_limited_history,Stock,,,No,TBD,2.5,2024-01-02,128621560.0,35.39,0.357,-0.469,
AEE,Tier2_liquid_limited_history,Stock,,,No,TBD,2.5,2024-01-02,128526397.0,113.04,0.241,-0.091,
BNS,Tier2_liquid_limited_history,Stock,,,No,TBD,2.5,2024-01-02,128159184.0,86.84,0.152,-0.215,
EPD,Tier2_liquid_limited_history,Stock,,,No,TBD,2.5,2024-01-02,127783548.0,36.78,0.17,-0.154,
AVB,Tier2_liquid_limited_history,Stock,,,No,TBD,2.5,2024-01-02,127506127.0,188.69,0.239,-0.313,
HAS,Tier2_liquid_limited_history,Stock,,,No,TBD,2.5,2024-01-02,126965394.0,82.59,0.214,-0.282,
PAYC,Tier2_liquid_limited_history,Stock,,,No,TBD,2.5,2024-01-02,124485523.0,125.68,0.361,-0.573,
IRM,Tier2_liquid_limited_history,Stock,,,No,TBD,2.5,2024-01-02,124125695.0,126.31,0.323,-0.39,
INVH,Tier2_liquid_limited_history,Stock,,,No,TBD,2.5,2024-01-02,123554793.0,30.5,0.212,-0.328,
ES,Tier2_liquid_limited_history,Stock,,,No,TBD,2.5,2024-01-02,122637356.0,72.27,0.247,-0.179,
NTRS,Tier2_liquid_limited_history,Stock,,,No,TBD,2.5,2024-01-02,122137870.0,173.84,0.244,-0.258,
DGX,Tier2_liquid_limited_history,Stock,,,No,TBD,2.5,2024-01-02,121732284.0,211.95,0.238,-0.124,
VTRS,Tier2_liquid_limited_history,Stock,,,No,TBD,2.2,2024-04-01,121263299.0,15.88,0.268,-0.457,
EQR,Tier2_liquid_limited_history,Stock,,,No,TBD,2.5,2024-01-02,120726780.0,67.93,0.209,-0.237,
EVRG,Tier2_liquid_limited_history,Stock,,,No,TBD,2.5,2024-01-02,119752740.0,86.43,0.159,-0.103,
UHS,Tier2_liquid_limited_history,Stock,,,No,TBD,2.2,2024-04-01,119134160.0,148.69,0.303,-0.424,
EXR,Tier2_liquid_limited_history,Stock,,,No,TBD,2.5,2024-01-02,119104703.0,145.3,0.209,-0.294,
LH,Tier2_liquid_limited_history,Stock,,,No,TBD,2.5,2024-01-02,118932649.0,280.0,0.241,-0.174,
SWK,Tier2_liquid_limited_history,Stock,,,No,TBD,2.2,2024-04-01,118012114.0,94.12,0.45,-0.495,
PNR,Tier2_liquid_limited_history,Stock,,,No,TBD,2.5,2024-01-02,116541078.0,76.66,0.261,-0.371,
INCY,Tier2_liquid_limited_history,Stock,,,No,TBD,2.5,2024-01-02,116027467.0,113.36,0.501,-0.338,
CRL,Tier2_liquid_limited_history,Stock,,,No,TBD,2.5,2024-01-02,115745443.0,226.79,0.466,-0.644,
M,Tier2_liquid_limited_history,Stock,,,No,TBD,2.5,2024-01-02,115466519.0,23.55,0.585,-0.513,
ARCC,Tier2_liquid_limited_history,Stock,,,No,TBD,2.5,2024-01-02,115214630.0,18.53,0.206,-0.267,
BAX,Tier2_liquid_limited_history,Stock,,,No,TBD,2.5,2024-01-02,114644638.0,21.32,0.398,-0.627,
GEN,Tier2_liquid_limited_history,Stock,,,No,TBD,2.5,2024-01-02,114407286.0,24.89,0.369,-0.443,
DOC,Tier2_liquid_limited_history,Stock,,,No,TBD,2.5,2024-01-02,114400149.0,21.4,0.303,-0.29,
JETS,Tier2_liquid_limited_history,ETF,sector_airlines,,No,,2.5,2024-01-02,111643546.0,33.22,0.385,-0.35,
BEN,Tier2_liquid_limited_history,Stock,,,No,TBD,2.5,2024-01-02,109679475.0,33.27,0.322,-0.389,
BALL,Tier2_liquid_limited_history,Stock,,,No,TBD,2.5,2024-01-02,109048647.0,62.4,0.201,-0.354,
CWB,Tier2_liquid_limited_history,ETF,bond_convertible,,No,,2.5,2024-01-02,109029816.0,107.81,0.255,-0.122,
VFC,Tier2_liquid_limited_history,Stock,,,No,TBD,2.2,2024-04-01,108617940.0,16.68,0.442,-0.638,
SPSM,Tier2_liquid_limited_history,ETF,broad_index_us_smallcap,,No,,2.2,2024-04-01,107662047.0,57.66,0.173,-0.286,
UDR,Tier2_liquid_limited_history,Stock,,,No,TBD,2.2,2024-04-01,105936238.0,39.92,0.229,-0.288,
ELAN,Tier2_liquid_limited_history,Stock,,,No,TBD,2.5,2024-01-02,105064508.0,24.61,0.471,-0.561,
BF.B,Tier2_liquid_limited_history,Stock,,,No,TBD,2.5,2024-01-02,104950684.0,26.65,0.34,-0.615,
SIRI,Tier2_liquid_limited_history,Stock,,,No,TBD,2.5,2024-01-02,104905347.0,29.54,0.226,-0.628,
ALLE,Tier2_liquid_limited_history,Stock,,,No,TBD,2.5,2024-01-02,104514624.0,140.49,0.31,-0.301,
DVA,Tier2_liquid_limited_history,Stock,,,No,TBD,2.5,2024-01-02,104259196.0,222.48,0.223,-0.414,
IVZ,Tier2_liquid_limited_history,Stock,,,No,TBD,2.5,2024-01-02,103703627.0,26.39,0.401,-0.372,
TAP,Tier2_liquid_limited_history,Stock,,,No,TBD,2.2,2024-04-01,103620422.0,38.96,0.294,-0.436,
MTCH,Tier2_liquid_limited_history,Stock,,,No,TBD,2.5,2024-01-02,100883101.0,38.05,0.389,-0.3,
TRMB,Tier2_liquid_limited_history,Stock,,,No,TBD,2.2,2024-04-01,100597290.0,51.18,0.29,-0.427,
IEX,Tier2_liquid_limited_history,Stock,,,No,TBD,2.5,2024-01-02,100399355.0,226.95,0.222,-0.349,
WY,Tier2_liquid_limited_history,Stock,,,No,TBD,2.2,2024-04-01,99848184.0,23.94,0.296,-0.4,
UBS,Tier2_liquid_limited_history,Stock,,,No,TBD,2.2,2024-04-01,99772327.0,49.56,0.247,-0.27,
RVTY,Tier2_liquid_limited_history,Stock,,,No,TBD,2.5,2024-01-02,99705158.0,111.26,0.442,-0.355,
IFF,Tier2_liquid_limited_history,Stock,,,No,TBD,2.5,2024-01-02,99689785.0,79.22,0.309,-0.433,
PFG,Tier2_liquid_limited_history,Stock,,,No,TBD,2.5,2024-01-02,99526481.0,107.78,0.281,-0.219,
J,Tier2_liquid_limited_history,Stock,,,No,TBD,2.5,2024-01-02,98012250.0,126.0,0.323,-0.348,
WRB,Tier2_liquid_limited_history,Stock,,,No,TBD,2.2,2024-04-01,96404287.0,70.53,0.242,-0.19,
TXT,Tier2_liquid_limited_history,Stock,,,No,TBD,2.2,2024-04-01,94439919.0,91.73,0.286,-0.374,
BTC,Tier2_liquid_limited_history,ETF,commodity_crypto_bitcoin,,No,,1.9,2024-07-31,91998564.0,25.96,0.479,-0.533,
HSIC,Tier2_liquid_limited_history,Stock,,,No,TBD,2.5,2024-01-02,89249096.0,83.52,0.221,-0.243,
QRVO,Tier2_liquid_limited_history,Stock,,,No,TBD,2.5,2024-01-02,89046458.0,93.27,0.439,-0.607,
KIM,Tier2_liquid_limited_history,Stock,,,No,TBD,2.5,2024-01-02,88252097.0,25.34,0.233,-0.261,
EG,Tier2_liquid_limited_history,Stock,,,No,TBD,2.5,2024-01-02,87677593.0,357.23,0.239,-0.238,
BITB,Tier2_liquid_limited_history,ETF,commodity_crypto_bitcoin,,No,,2.5,2024-01-11,86043478.0,31.87,0.477,-0.533,
PNW,Tier2_liquid_limited_history,Stock,,,No,TBD,2.5,2024-01-02,85035617.0,107.01,0.174,-0.118,
BXP,Tier2_liquid_limited_history,Stock,,,No,TBD,2.5,2024-01-02,84551519.0,66.31,0.315,-0.415,
NWSA,Tier2_liquid_limited_history,Stock,,,No,TBD,2.5,2024-01-02,83320605.0,24.83,0.241,-0.278,
HRL,Tier2_liquid_limited_history,Stock,,,No,TBD,2.5,2024-01-02,82895644.0,24.81,0.302,-0.443,
ESS,Tier2_liquid_limited_history,Stock,,,No,TBD,2.5,2024-01-02,82585690.0,291.59,0.214,-0.237,
ZION,Tier2_liquid_limited_history,Stock,,,No,TBD,2.2,2024-04-01,82578820.0,69.19,0.218,-0.329,
MAA,Tier2_liquid_limited_history,Stock,,,No,TBD,2.5,2024-01-02,81135118.0,138.94,0.235,-0.295,
KIE,Tier2_liquid_limited_history,ETF,sector_insurance,,No,,2.5,2024-01-02,80607025.0,61.0,0.214,-0.129,
CPT,Tier2_liquid_limited_history,Stock,,,No,TBD,2.5,2024-01-02,79952466.0,114.49,0.245,-0.228,
TFX,Tier2_liquid_limited_history,Stock,,,No,TBD,2.2,2024-04-01,79502350.0,126.76,0.343,-0.594,
SOLV,Tier2_liquid_limited_history,Stock,,,No,TBD,2.2,2024-04-01,79046714.0,77.15,0.393,-0.315,
MHK,Tier2_liquid_limited_history,Stock,,,No,TBD,2.5,2024-01-02,78826706.0,121.33,0.561,-0.42,
EWG,Tier2_liquid_limited_history,ETF,country_single_germany,,No,,2.5,2024-01-02,78787436.0,41.35,0.193,-0.155,
AVY,Tier2_liquid_limited_history,Stock,,,No,TBD,2.5,2024-01-02,78500899.0,162.35,0.259,-0.321,
EMN,Tier2_liquid_limited_history,Stock,,,No,TBD,2.5,2024-01-02,77471296.0,66.98,0.344,-0.496,
AOS,Tier2_liquid_limited_history,Stock,,,No,TBD,2.5,2024-01-02,77327869.0,62.72,0.321,-0.382,
SPTM,Tier2_liquid_limited_history,ETF,broad_index_us,,No,,2.2,2024-04-01,75923172.0,90.79,0.192,-0.191,
CINF,Tier2_liquid_limited_history,Stock,,,No,TBD,2.5,2024-01-02,75356664.0,185.14,0.2,-0.2,
HMY,Tier2_liquid_limited_history,Stock,,,No,TBD,2.5,2024-01-02,73746447.0,15.22,0.715,-0.488,
BIO,Tier2_liquid_limited_history,Stock,,,No,TBD,2.5,2024-01-02,72794378.0,293.61,0.384,-0.421,
FRT,Tier2_liquid_limited_history,Stock,,,No,TBD,2.5,2024-01-02,72502349.0,123.44,0.176,-0.274,
REG,Tier2_liquid_limited_history,Stock,,,No,TBD,2.5,2024-01-02,72104968.0,79.74,0.194,-0.326,
NDSN,Tier2_liquid_limited_history,Stock,,,No,TBD,2.5,2024-01-02,70717058.0,301.69,0.277,-0.391,
YINN,Tier2_liquid_limited_history,ETF,leveraged_or_inverse,,Yes,,2.2,2024-04-01,68248586.0,21.48,0.653,-0.629,
LW,Tier2_liquid_limited_history,Stock,,,No,TBD,2.5,2024-01-02,68104694.0,43.18,0.3,-0.639,
DHT,Tier2_liquid_limited_history,Stock,,,No,TBD,2.5,2024-01-02,67665386.0,16.53,0.513,-0.228,
SPYD,Tier2_liquid_limited_history,ETF,broad_index_us_dividend,,No,,2.2,2024-04-01,66789533.0,47.71,0.146,-0.18,
AIZ,Tier2_liquid_limited_history,Stock,,,No,TBD,2.5,2024-01-02,65979119.0,268.53,0.183,-0.209,
FOX,Tier2_liquid_limited_history,Stock,,,No,TBD,2.5,2024-01-02,65938345.0,46.84,0.678,-0.345,
MKTX,Tier2_liquid_limited_history,Stock,,,No,TBD,2.5,2024-01-02,65069901.0,113.49,0.423,-0.625,
GPIQ,Tier2_liquid_limited_history,ETF,income_derivative,,No,,2.7,2023-10-27,64272605.0,59.3,0.296,-0.224,
XAR,Tier2_liquid_limited_history,ETF,sector_aerospace_defense,,No,,2.2,2024-04-01,62560175.0,283.82,0.344,-0.199,
LKQ,Tier2_liquid_limited_history,Stock,,,No,TBD,2.5,2024-01-02,62113198.0,26.33,0.299,-0.524,
ADC,Tier2_liquid_limited_history,Stock,,,No,TBD,2.5,2024-01-02,61395486.0,75.74,0.18,-0.13,
HR,Tier2_liquid_limited_history,Stock,,,No,TBD,2.5,2024-01-02,59214698.0,20.17,0.229,-0.244,
PAA,Tier2_liquid_limited_history,Stock,,,No,TBD,2.5,2024-01-02,58806033.0,22.26,0.19,-0.244,
GL,Tier2_liquid_limited_history,Stock,,,No,TBD,2.5,2024-01-02,56576507.0,178.68,0.174,-0.615,
