ticker,horizon,otm,before_legacy_total,after_total,after_price,price_vs_before_pts,rel_change
MO,7,0.05,0.0744130521289295,0.0744130521289295,0.0855551134102666,1.1142061281337101,0.14973262032085644
MO,7,0.1,0.01591723040191,0.01591723040191,0.0171110226820533,0.11937922801433,0.07500000000000306
MO,21,0.05,0.1742936729009152,0.1742936729009152,0.1985674492638281,2.427377636291292,0.13926940639269447
MO,21,0.1,0.0576999602069239,0.0576999602069239,0.0664544369279745,0.8754476721050591,0.15172413793103567
T,7,0.05,0.0791882212495025,0.0791882212495025,0.0887385594906486,0.9550338241146095,0.12060301507537763
T,7,0.1,0.009550338241146,0.009550338241146,0.0099482690011937,0.03979307600477013,0.041666666666661634
T,21,0.05,0.1659371269399124,0.1659371269399124,0.1945881416633506,2.86510147234382,0.1726618705035976
T,21,0.1,0.0485475527258257,0.0485475527258257,0.059291683247115,1.0744130521289301,0.2213114754098362
KO,7,0.05,0.0270592916832471,0.0270592916832471,0.0290489454834858,0.19896538002386993,0.07352941176470362
KO,7,0.1,0.0039793076004775,0.0039793076004775,0.0039793076004775,0.0,0.0
KO,21,0.05,0.0803820135296458,0.0803820135296458,0.0839633903700756,0.35813768404297924,0.044554455445544816
KO,21,0.1,0.0147234381217668,0.0147234381217668,0.0163151611619578,0.15917230401909996,0.10810810810810767
PBR,7,0.05,0.182650218861918,0.182650218861918,0.1941902109033028,1.1539992041384783,0.06318082788671009
PBR,7,0.1,0.0501392757660167,0.0501392757660167,0.0565061679267807,0.6366892160763998,0.12698412698412653
PBR,21,0.05,0.2614405093513728,0.2614405093513728,0.2881018702745722,2.6661360923199373,0.10197869101978707
PBR,21,0.1,0.1352964584162355,0.1352964584162355,0.1508157580580978,1.5519299641862299,0.11470588235294121
