basis,ticker,horizon,otm,p_breach,p_touch,n
total_legacy,MO,7,0.05,0.07441305212892957,0.15161161957819339,2513
total_legacy,MO,7,0.1,0.01591723040191007,0.0354158376442499,2513
total_legacy,MO,21,0.05,0.17429367290091524,0.3549542379625945,2513
total_legacy,MO,21,0.1,0.05769996020692399,0.11619578193394349,2513
total_legacy,T,7,0.05,0.07918822124950259,0.16116195781933942,2513
total_legacy,T,7,0.1,0.00955033824114604,0.0346199761241544,2513
total_legacy,T,21,0.05,0.16593712693991244,0.38280939116593715,2513
total_legacy,T,21,0.1,0.048547552725825706,0.1309192200557103,2513
total_legacy,KO,7,0.05,0.027059291683247114,0.06207719856744926,2513
total_legacy,KO,7,0.1,0.003979307600477517,0.00915240748109829,2513
total_legacy,KO,21,0.05,0.08038201352964584,0.18463987266215678,2513
total_legacy,KO,21,0.1,0.014723438121766812,0.03700756068444091,2513
total_legacy,PBR,7,0.05,0.18265021886191804,0.3617190608834063,2513
total_legacy,PBR,7,0.1,0.05013927576601671,0.11142061281337047,2513
total_legacy,PBR,21,0.05,0.26144050935137286,0.5758058097890967,2513
total_legacy,PBR,21,0.1,0.13529645841623558,0.30521289295662557,2513
