symbol,yf_symbol,tt_symbol,price_scale,asset_class,category,sector,industry,quality_tier,optionable,weeklies,leverage_flag,settlement,exercise,settlement_times,active,tags,notes,source,added_at,updated_at,stage1_pass,stage1_tier,stage1_reasons,stage1_checked_at
AAL,AAL,AAL,1.0,stock,,Transportation,Airline,,True,True,False,physical,american,PM,True,,,final_universe.txt,2026-09-27 17:27:28.117882,2026-09-27 17:27:28.117882,False,rejected,price_out_of_range;unrecovered_drawdown,2026-09-27 19:10:07.891136
AAPL,AAPL,AAPL,1.0,stock,technology,Technology,Communications Equipment,core,True,True,False,physical,american,PM,True,,,final_universe.txt,2026-09-27 17:27:28.117882,2026-09-27 17:27:28.117882,True,tier1_backtestable,,2026-09-27 19:10:07.891136
ABBV,ABBV,ABBV,1.0,stock,healthcare_pharma,Healthcare,Biotechnology & Drugs,core,True,True,False,physical,american,PM,True,,,final_universe.txt,2026-09-27 17:27:28.117882,2026-09-27 17:27:28.117882,True,tier1_backtestable,,2026-09-27 19:10:07.891136
ABNB,ABNB,ABNB,1.0,stock,,Services,Business Services,,True,True,False,physical,american,PM,True,,,final_universe.txt,2026-09-27 17:27:28.117882,2026-09-27 17:27:28.117882,True,tier1_backtestable,,2026-09-27 19:10:07.891136
ABT,ABT,ABT,1.0,stock,healthcare_devices,Healthcare,Medical Equipment & Supplies,core,True,True,False,physical,american,PM,True,,,final_universe.txt,2026-09-27 17:27:28.117882,2026-09-27 17:27:28.117882,True,tier1_backtestable,,2026-09-27 19:10:07.891136
AFRM,AFRM,AFRM,1.0,stock,,Financial,Consumer Financial Services,,True,True,False,physical,american,PM,True,,,final_universe.txt,2026-09-27 17:27:28.117882,2026-09-27 17:27:28.117882,False,rejected,unrecovered_drawdown,2026-09-27 19:10:07.891136
AIG,AIG,AIG,1.0,stock,financials_insurance,Financial,Insurance (Prop. & Casualty),core,True,True,False,physical,american,PM,True,,,final_universe.txt,2026-09-27 17:27:28.117882,2026-09-27 17:27:28.117882,True,tier1_backtestable,,2026-09-27 19:10:07.891136
AMZN,AMZN,AMZN,1.0,stock,consumer_discretionary,Services,Retail (Specialty),core,True,True,False,physical,american,PM,True,,,final_universe.txt,2026-09-27 17:27:28.117882,2026-09-27 17:27:28.117882,True,tier1_backtestable,,2026-09-27 19:10:07.891136
APA,APA,APA,1.0,stock,,Energy,Oil & Gas Operations,,True,True,False,physical,american,PM,True,,,final_universe.txt,2026-09-27 17:27:28.117882,2026-09-27 17:27:28.117882,False,rejected,unrecovered_drawdown,2026-09-27 19:10:07.891136
BAC,BAC,BAC,1.0,stock,financials_bank,Financial,Regional Banks,core,True,True,False,physical,american,PM,True,,,final_universe.txt,2026-09-27 17:27:28.117882,2026-09-27 17:27:28.117882,True,tier1_backtestable,,2026-09-27 19:10:07.891136
BBY,BBY,BBY,1.0,stock,,Services,Retail (Specialty),,True,True,False,physical,american,PM,True,,,final_universe.txt,2026-09-27 17:27:28.117882,2026-09-27 17:27:28.117882,True,tier1_backtestable,,2026-09-27 19:10:07.891136
BIDU,BIDU,BIDU,1.0,stock,,Services,Advertising,,True,True,False,physical,american,PM,True,,,final_universe.txt,2026-09-27 17:27:28.117882,2026-09-27 17:27:28.117882,False,rejected,unrecovered_drawdown,2026-09-27 19:10:07.891136
BMY,BMY,BMY,1.0,stock,healthcare_pharma,Healthcare,Biotechnology & Drugs,core,True,True,False,physical,american,PM,True,,,final_universe.txt,2026-09-27 17:27:28.117882,2026-09-27 17:27:28.117882,True,tier1_backtestable,,2026-09-27 19:10:07.891136
C,C,C,1.0,stock,financials_bank,Financial,Investment Services,core,True,True,False,physical,american,PM,True,,,final_universe.txt,2026-09-27 17:27:28.117882,2026-09-27 17:27:28.117882,True,tier1_backtestable,,2026-09-27 19:10:07.891136
CDNS,CDNS,CDNS,1.0,stock,,Technology,Software & Programming,,True,True,False,physical,american,PM,True,,,final_universe.txt,2026-09-27 17:27:28.117882,2026-09-27 17:27:28.117882,True,tier1_backtestable,,2026-09-27 19:10:07.891136
CMCSA,CMCSA,CMCSA,1.0,stock,communication_services_media,Services,Communications Services,core,True,True,False,physical,american,PM,True,,,final_universe.txt,2026-09-27 17:27:28.117882,2026-09-27 17:27:28.117882,True,tier1_backtestable,,2026-09-27 19:10:07.891136
CME,CME,CME,1.0,stock,,Financial,Investment Services,,True,True,False,physical,american,PM,True,,,final_universe.txt,2026-09-27 17:27:28.117882,2026-09-27 17:27:28.117882,True,tier1_backtestable,,2026-09-27 19:10:07.891136
CMG,CMG,CMG,1.0,stock,,Services,Restaurants,,True,True,False,physical,american,PM,True,,,final_universe.txt,2026-09-27 17:27:28.117882,2026-09-27 17:27:28.117882,True,tier1_backtestable,,2026-09-27 19:10:07.891136
CNC,CNC,CNC,1.0,stock,,Healthcare,Healthcare Facilities,,True,True,False,physical,american,PM,True,,,final_universe.txt,2026-09-27 17:27:28.117882,2026-09-27 17:27:28.117882,False,rejected,unrecovered_drawdown,2026-09-27 19:10:07.891136
COST,COST,COST,1.0,stock,consumer_staples,Services,Retail (Specialty),core,True,True,False,physical,american,PM,True,,,final_universe.txt,2026-09-27 17:27:28.117882,2026-09-27 17:27:28.117882,True,tier1_backtestable,,2026-09-27 19:10:07.891136
CSCO,CSCO,CSCO,1.0,stock,technology,Technology,Communications Equipment,core,True,True,False,physical,american,PM,True,,,final_universe.txt,2026-09-27 17:27:28.117882,2026-09-27 17:27:28.117882,True,tier1_backtestable,,2026-09-27 19:10:07.891136
CVX,CVX,CVX,1.0,stock,energy,Energy,Oil & Gas Operations,core,True,True,False,physical,american,PM,True,,,final_universe.txt,2026-09-27 17:27:28.117882,2026-09-27 17:27:28.117882,True,tier1_backtestable,,2026-09-27 19:10:07.891136
DIA,DIA,DIA,1.0,etf,broad_index_us,,,core,True,True,False,physical,american,PM,True,,Dow 30 -- lowest vol of the big 3 broad index ETFs,final_universe.txt,2026-09-27 17:27:28.117882,2026-09-27 17:27:28.117882,False,rejected,volatility_out_of_range,2026-09-27 19:10:07.891136
DKNG,DKNG,DKNG,1.0,stock,,Services,Recreational Activities,,True,True,False,physical,american,PM,True,,,final_universe.txt,2026-09-27 17:27:28.117882,2026-09-27 17:27:28.117882,False,rejected,unrecovered_drawdown,2026-09-27 19:10:07.891136
EFA,EFA,EFA,1.0,etf,country_developed_exus,,,core,True,True,False,physical,american,PM,True,,,final_universe.txt,2026-09-27 17:27:28.117882,2026-09-27 17:27:28.117882,True,tier1_backtestable,,2026-09-27 19:10:07.891136
ELV,ELV,ELV,1.0,stock,,Financial,Insurance (Accident & Health),,True,False,False,physical,american,PM,True,,,final_universe.txt,2026-09-27 17:27:28.117882,2026-09-27 17:27:28.117882,True,tier1_backtestable,,2026-09-27 19:10:07.891136
ET,ET,ET,1.0,stock,,,,,True,True,False,physical,american,PM,True,,,final_universe.txt,2026-09-27 17:27:28.117882,2026-09-27 17:27:28.117882,True,tier1_backtestable,,2026-09-27 19:10:07.891136
EWZ,EWZ,EWZ,1.0,etf,country_single_brazil,,,aggressive,True,True,False,physical,american,PM,True,,Single-country EM -- political/currency tail risk,final_universe.txt,2026-09-27 17:27:28.117882,2026-09-27 17:27:28.117882,True,tier1_backtestable,,2026-09-27 19:10:07.891136
FCX,FCX,FCX,1.0,stock,,Basic Materials,Metal Mining,,True,True,False,physical,american,PM,True,,,final_universe.txt,2026-09-27 17:27:28.117882,2026-09-27 17:27:28.117882,True,tier1_backtestable,,2026-09-27 19:10:07.891136
GE,GE,GE,1.0,stock,industrials_aerospace,Capital Goods,Aerospace & Defense,core,True,True,False,physical,american,PM,True,,,final_universe.txt,2026-09-27 17:27:28.117882,2026-09-27 17:27:28.117882,True,tier1_backtestable,,2026-09-27 19:10:07.891136
GM,GM,GM,1.0,stock,consumer_discretionary_auto,Consumer Cyclical,Auto & Truck Manufacturers,review,True,True,False,physical,american,PM,True,,"Cyclical, auto industry margin pressure -- fine liquidity but more economically sensitive",final_universe.txt,2026-09-27 17:27:28.117882,2026-09-27 17:27:28.117882,True,tier1_backtestable,,2026-09-27 19:10:07.891136
GME,GME,GME,1.0,stock,,Services,Retail (Specialty),,True,True,False,physical,american,PM,True,,,final_universe.txt,2026-09-27 17:27:28.117882,2026-09-27 17:27:28.117882,False,rejected,unrecovered_drawdown,2026-09-27 19:10:07.891136
GOOG,GOOG,GOOG,1.0,stock,communication_services,,,core,True,True,False,physical,american,PM,True,,"Class C shares (non-voting) -- near-identical exposure to GOOGL, pick one",final_universe.txt,2026-09-27 17:27:28.117882,2026-09-27 17:27:28.117882,True,tier1_backtestable,,2026-09-27 19:10:07.891136
HPQ,HPQ,HPQ,1.0,stock,,Technology,Computer Hardware,,True,True,False,physical,american,PM,True,,,final_universe.txt,2026-09-27 17:27:28.117882,2026-09-27 17:27:28.117882,True,tier1_backtestable,,2026-09-27 19:10:07.891136
HRL,HRL,HRL,1.0,stock,,Consumer/Non-Cyclical,Fish/Livestock,,True,True,False,physical,american,PM,True,,,final_universe.txt,2026-09-27 17:27:28.117882,2026-09-27 17:27:28.117882,True,tier1_backtestable,,2026-09-27 19:10:07.891136
IBIT,IBIT,IBIT,1.0,etf,commodity_crypto_bitcoin,,,,True,True,False,physical,american,PM,True,,,final_universe.txt,2026-09-27 17:27:28.117882,2026-09-27 17:27:28.117882,True,tier2_limited_history,,2026-09-27 19:10:07.891136
IWM,IWM,IWM,1.0,etf,broad_index_us,,,core,True,True,False,physical,american,PM,True,,Russell 2000 small-cap -- higher vol than SPY/QQQ,phase9 default,2026-09-27 17:27:28.117882,2026-09-27 17:27:28.117882,True,tier1_backtestable,,2026-09-27 19:10:07.891136
JPM,JPM,JPM,1.0,stock,financials_bank,Financial,Investment Services,core,True,True,False,physical,american,PM,True,,,final_universe.txt,2026-09-27 17:27:28.117882,2026-09-27 17:27:28.117882,True,tier1_backtestable,,2026-09-27 19:10:07.891136
KMI,KMI,KMI,1.0,stock,,Utilities,Natural Gas Utilities,,True,True,False,physical,american,PM,True,,,final_universe.txt,2026-09-27 17:27:28.117882,2026-09-27 17:27:28.117882,True,tier1_backtestable,,2026-09-27 19:10:07.891136
KO,KO,KO,1.0,stock,consumer_staples,Consumer/Non-Cyclical,Beverages (Nonalcoholic),core,True,True,False,physical,american,PM,True,,,final_universe.txt,2026-09-27 17:27:28.117882,2026-09-27 17:27:28.117882,True,tier1_backtestable,,2026-09-27 19:10:07.891136
KRE,KRE,KRE,1.0,etf,sector_regional_banks,,,,True,True,False,physical,american,PM,True,,,final_universe.txt,2026-09-27 17:27:28.117882,2026-09-27 17:27:28.117882,True,tier1_backtestable,,2026-09-27 19:10:07.891136
KWEB,KWEB,KWEB,1.0,etf,country_single_china_internet,,,,True,True,False,physical,american,PM,True,,,final_universe.txt,2026-09-27 17:27:28.117882,2026-09-27 17:27:28.117882,False,rejected,unrecovered_drawdown,2026-09-27 19:10:07.891136
MO,MO,MO,1.0,stock,consumer_staples_tobacco,Consumer/Non-Cyclical,Tobacco,core,True,True,False,physical,american,PM,True,,,final_universe.txt,2026-09-27 17:27:28.117882,2026-09-27 17:27:28.117882,True,tier1_backtestable,,2026-09-27 19:10:07.891136
MSFT,MSFT,MSFT,1.0,stock,technology,Technology,Software & Programming,core,True,True,False,physical,american,PM,True,,,final_universe.txt,2026-09-27 17:27:28.117882,2026-09-27 17:27:28.117882,True,tier1_backtestable,,2026-09-27 19:10:07.891136
NDX,^NDX,NDX,1.0,index,,,,,True,True,False,cash,european,AM+PM,True,,,phase9 default,2026-09-27 17:27:28.117882,2026-09-27 17:27:28.117882,,index,not screened: index (no dollar volume),2026-09-27 19:10:07.891136
NVDA,NVDA,NVDA,1.0,stock,technology,Technology,Computer Hardware,aggressive,True,True,False,physical,american,PM,True,,Mega-cap but genuinely high vol (41% 20d RV) -- size accordingly,final_universe.txt,2026-09-27 17:27:28.117882,2026-09-27 17:27:28.117882,True,tier1_backtestable,,2026-09-27 19:10:07.891136
OXY,OXY,OXY,1.0,stock,,Energy,Oil & Gas Operations,,True,True,False,physical,american,PM,True,,,final_universe.txt,2026-09-27 17:27:28.117882,2026-09-27 17:27:28.117882,False,rejected,unrecovered_drawdown,2026-09-27 19:10:07.891136
PANW,PANW,PANW,1.0,stock,,Technology,Software & Programming,,True,True,False,physical,american,PM,True,,,final_universe.txt,2026-09-27 17:27:28.117882,2026-09-27 17:27:28.117882,True,tier1_backtestable,,2026-09-27 19:10:07.891136
PBR,PBR,PBR,1.0,stock,,Energy,Oil & Gas Operations,,True,True,False,physical,american,PM,True,,,final_universe.txt,2026-09-27 17:27:28.117882,2026-09-27 17:27:28.117882,True,tier1_backtestable,,2026-09-27 19:10:07.891136
PCG,PCG,PCG,1.0,stock,,Utilities,Electric Utilities,,True,True,False,physical,american,PM,True,,,final_universe.txt,2026-09-27 17:27:28.117882,2026-09-27 17:27:28.117882,False,rejected,price_out_of_range;volatility_out_of_range;unrecovered_drawdown,2026-09-27 19:10:07.891136
PDD,PDD,PDD,1.0,stock,,Services,Retail (Specialty),,True,True,False,physical,american,PM,True,,,final_universe.txt,2026-09-27 17:27:28.117882,2026-09-27 17:27:28.117882,False,rejected,unrecovered_drawdown,2026-09-27 19:10:07.891136
QQQ,QQQ,QQQ,1.0,etf,broad_index_us,,,core,True,True,False,physical,american,PM,True,,"Nasdaq-100 -- tech-heavy, higher vol than SPY",phase9 default,2026-09-27 17:27:28.117882,2026-09-27 17:27:28.117882,True,tier1_backtestable,,2026-09-27 19:10:07.891136
RUT,^RUT,RUT,1.0,index,,,,,True,True,False,cash,european,AM+PM,True,,,phase9 default,2026-09-27 17:27:28.117882,2026-09-27 17:27:28.117882,,index,not screened: index (no dollar volume),2026-09-27 19:10:07.891136
SHOP,SHOP,SHOP,1.0,stock,,,,,True,True,False,physical,american,PM,True,,,final_universe.txt,2026-09-27 17:27:28.117882,2026-09-27 17:27:28.117882,True,tier1_backtestable,,2026-09-27 19:10:07.891136
SOFI,SOFI,SOFI,1.0,stock,,Financial,Consumer Financial Services,,True,True,False,physical,american,PM,True,,,final_universe.txt,2026-09-27 17:27:28.117882,2026-09-27 17:27:28.117882,False,rejected,unrecovered_drawdown,2026-09-27 19:10:07.891136
SPX,^SPX,SPX,1.0,index,,,,,True,True,False,cash,european,AM+PM,True,,,phase9 default,2026-09-27 17:27:28.117882,2026-09-27 17:27:28.117882,,index,not screened: index (no dollar volume),2026-09-27 19:10:07.891136
SPY,SPY,SPY,1.0,etf,broad_index_us,,,core,True,True,False,physical,american,PM,True,,"S&P 500 -- deepest, most liquid options chain in existence",final_universe.txt,2026-09-27 17:27:28.117882,2026-09-27 17:27:28.117882,False,rejected,volatility_out_of_range,2026-09-27 19:10:07.891136
T,T,T,1.0,stock,communication_services_telecom,Services,Communications Services,core,True,True,False,physical,american,PM,True,,,final_universe.txt,2026-09-27 17:27:28.117882,2026-09-27 17:27:28.117882,True,tier1_backtestable,,2026-09-27 19:10:07.891136
TXN,TXN,TXN,1.0,stock,technology,Technology,Semiconductors,core,True,True,False,physical,american,PM,True,,,final_universe.txt,2026-09-27 17:27:28.117882,2026-09-27 17:27:28.117882,True,tier1_backtestable,,2026-09-27 19:10:07.891136
UBER,UBER,UBER,1.0,stock,technology,Services,Business Services,aggressive,True,True,False,physical,american,PM,True,,Still elevated vol vs. mega-cap tech,final_universe.txt,2026-09-27 17:27:28.117882,2026-09-27 17:27:28.117882,True,tier1_backtestable,,2026-09-27 19:10:07.891136
UPS,UPS,UPS,1.0,stock,industrials_logistics,Transportation,Air Courier,core,True,True,False,physical,american,PM,True,,,final_universe.txt,2026-09-27 17:27:28.117882,2026-09-27 17:27:28.117882,True,tier1_backtestable,,2026-09-27 19:10:07.891136
VALE,VALE,VALE,1.0,stock,,Basic Materials,Metal Mining,,True,True,False,physical,american,PM,True,,,final_universe.txt,2026-09-27 17:27:28.117882,2026-09-27 17:27:28.117882,False,rejected,price_out_of_range,2026-09-27 19:10:07.891136
VFC,VFC,VFC,1.0,stock,,Consumer Cyclical,Apparel/Accessories,,True,True,False,physical,american,PM,True,,,final_universe.txt,2026-09-27 17:27:28.117882,2026-09-27 17:27:28.117882,False,rejected,price_out_of_range;unrecovered_drawdown,2026-09-27 19:10:07.891136
WFC,WFC,WFC,1.0,stock,financials_bank,Financial,Regional Banks,core,True,True,False,physical,american,PM,True,,,final_universe.txt,2026-09-27 17:27:28.117882,2026-09-27 17:27:28.117882,True,tier1_backtestable,,2026-09-27 19:10:07.891136
WMT,WMT,WMT,1.0,stock,consumer_staples,Services,Retail (Grocery),core,True,True,False,physical,american,PM,True,,,final_universe.txt,2026-09-27 17:27:28.117882,2026-09-27 17:27:28.117882,True,tier1_backtestable,,2026-09-27 19:10:07.891136
XOM,XOM,XOM,1.0,stock,energy,Energy,Oil & Gas Operations,core,True,True,False,physical,american,PM,True,,,final_universe.txt,2026-09-27 17:27:28.117882,2026-09-27 17:27:28.117882,True,tier1_backtestable,,2026-09-27 19:10:07.891136
XSP,^SPX,XSP,0.1,index,,,,,True,True,False,cash,european,PM,True,,,phase9 default,2026-09-27 17:27:28.117882,2026-09-27 17:27:28.117882,,index,not screened: index (no dollar volume),2026-09-27 19:10:07.891136
